Date,Technology,Search_Interest,Job_Postings,GitHub_Repos,Research_Papers,Funding_Received
2022-01-01,AI & Machine Learning,85,2256,1195,102,69000000
2022-01-01,Quantum Computing,44,1735,447,268,108000000
2022-01-01,Blockchain,33,1773,642,496,172000000
2022-01-01,5G Networks,72,740,1899,201,186000000
2022-01-01,Edge Computing,72,2896,1070,19,326000000
2022-01-01,Cybersecurity,73,4086,1965,179,217000000
2022-01-01,AR/VR,44,3011,993,108,184000000
2022-01-01,IoT,59,516,476,94,46000000
2022-01-01,Biotech,20,3213,357,160,189000000
2022-01-01,Renewable Energy,24,4411,540,320,454000000
2022-01-08,AI & Machine Learning,29,1836,531,174,477000000
2022-01-08,Quantum Computing,56,2186,318,291,417000000
2022-01-08,Blockchain,48,4968,1836,113,247000000
2022-01-08,5G Networks,34,2499,442,55,62000000
2022-01-08,Edge Computing,90,4646,1244,274,163000000
2022-01-08,Cybersecurity,86,3109,535,374,449000000
2022-01-08,AR/VR,47,3819,110,414,311000000
2022-01-08,IoT,44,1189,948,202,249000000
2022-01-08,Biotech,25,4613,169,372,334000000
2022-01-08,Renewable Energy,83,352,457,195,280000000
2022-01-15,AI & Machine Learning,94,625,208,388,55000000
2022-01-15,Quantum Computing,76,3141,125,354,368000000
2022-01-15,Blockchain,92,365,1785,207,68000000
2022-01-15,5G Networks,91,635,693,198,391000000
2022-01-15,Edge Computing,43,862,120,94,323000000
2022-01-15,Cybersecurity,93,1805,556,210,70000000
2022-01-15,AR/VR,33,3208,1548,296,442000000
2022-01-15,IoT,52,1031,1396,43,214000000
2022-01-15,Biotech,61,3881,894,429,454000000
2022-01-15,Renewable Energy,78,536,970,95,76000000
2022-01-22,AI & Machine Learning,26,2123,896,422,444000000
2022-01-22,Quantum Computing,95,1998,1589,291,229000000
2022-01-22,Blockchain,82,1396,907,102,98000000
2022-01-22,5G Networks,46,1402,1107,365,363000000
2022-01-22,Edge Computing,29,4975,625,432,426000000
2022-01-22,Cybersecurity,94,1523,457,253,358000000
2022-01-22,AR/VR,85,3545,1442,284,383000000
2022-01-22,IoT,38,1474,195,325,215000000
2022-01-22,Biotech,78,4673,909,427,245000000
2022-01-22,Renewable Energy,33,2965,1929,227,216000000
2022-01-29,AI & Machine Learning,34,4965,1530,285,103000000
2022-01-29,Quantum Computing,38,2205,720,252,270000000
2022-01-29,Blockchain,50,1105,1640,82,122000000
2022-01-29,5G Networks,45,102,1420,60,460000000
2022-01-29,Edge Computing,43,4459,85,289,373000000
2022-01-29,Cybersecurity,45,3581,1703,295,349000000
2022-01-29,AR/VR,96,2155,1921,310,446000000
2022-01-29,IoT,62,4497,484,210,183000000
2022-01-29,Biotech,31,4787,1734,96,146000000
2022-01-29,Renewable Energy,66,3483,1263,103,416000000
2022-02-05,AI & Machine Learning,65,341,639,489,486000000
2022-02-05,Quantum Computing,98,1945,1759,309,126000000
2022-02-05,Blockchain,53,1741,483,181,255000000
2022-02-05,5G Networks,91,142,888,328,410000000
2022-02-05,Edge Computing,74,277,147,70,258000000
2022-02-05,Cybersecurity,66,841,864,471,47000000
2022-02-05,AR/VR,87,3331,1231,334,479000000
2022-02-05,IoT,62,1123,877,138,447000000
2022-02-05,Biotech,74,3287,1483,163,298000000
2022-02-05,Renewable Energy,23,510,1879,15,28000000
2022-02-12,AI & Machine Learning,83,1992,1786,464,62000000
2022-02-12,Quantum Computing,74,3295,218,203,177000000
2022-02-12,Blockchain,27,143,584,455,351000000
2022-02-12,5G Networks,40,2233,781,297,411000000
2022-02-12,Edge Computing,36,1359,402,318,68000000
2022-02-12,Cybersecurity,63,4329,421,117,114000000
2022-02-12,AR/VR,55,2985,1253,131,82000000
2022-02-12,IoT,22,3774,1497,74,17000000
2022-02-12,Biotech,37,4845,1059,62,245000000
2022-02-12,Renewable Energy,69,1036,1162,428,91000000
2022-02-19,AI & Machine Learning,34,4197,1333,230,496000000
2022-02-19,Quantum Computing,23,1584,826,74,299000000
2022-02-19,Blockchain,63,4433,1205,162,365000000
2022-02-19,5G Networks,86,2949,1597,247,232000000
2022-02-19,Edge Computing,68,3097,377,320,457000000
2022-02-19,Cybersecurity,61,3020,1405,304,360000000
2022-02-19,AR/VR,43,2167,52,297,474000000
2022-02-19,IoT,24,4806,1524,127,263000000
2022-02-19,Biotech,43,4655,1046,398,333000000
2022-02-19,Renewable Energy,26,2344,599,288,119000000
2022-02-26,AI & Machine Learning,42,3871,709,383,119000000
2022-02-26,Quantum Computing,37,2129,661,216,175000000
2022-02-26,Blockchain,52,246,1213,112,232000000
2022-02-26,5G Networks,72,1215,1168,490,107000000
2022-02-26,Edge Computing,24,4357,1789,63,130000000
2022-02-26,Cybersecurity,90,3491,1474,481,330000000
2022-02-26,AR/VR,98,3776,1421,292,181000000
2022-02-26,IoT,82,2836,1964,418,18000000
2022-02-26,Biotech,42,4745,418,154,442000000
2022-02-26,Renewable Energy,37,218,1310,301,348000000
2022-03-05,AI & Machine Learning,27,2542,1112,378,108000000
2022-03-05,Quantum Computing,20,2179,486,136,66000000
2022-03-05,Blockchain,64,1334,1281,449,467000000
2022-03-05,5G Networks,43,3441,1235,288,162000000
2022-03-05,Edge Computing,23,3368,190,477,115000000
2022-03-05,Cybersecurity,91,2601,1590,332,240000000
2022-03-05,AR/VR,71,4713,1399,74,158000000
2022-03-05,IoT,77,2483,1339,137,236000000
2022-03-05,Biotech,89,2429,1219,139,360000000
2022-03-05,Renewable Energy,24,367,1723,494,216000000
2022-03-12,AI & Machine Learning,37,1216,461,483,173000000
2022-03-12,Quantum Computing,30,4592,1055,145,196000000
2022-03-12,Blockchain,44,4733,1576,473,146000000
2022-03-12,5G Networks,41,4640,721,249,285000000
2022-03-12,Edge Computing,39,1183,127,247,29000000
2022-03-12,Cybersecurity,65,915,1837,234,73000000
2022-03-12,AR/VR,88,1897,978,293,446000000
2022-03-12,IoT,41,1988,792,373,141000000
2022-03-12,Biotech,49,1799,1187,309,56000000
2022-03-12,Renewable Energy,80,3486,1999,264,223000000
2022-03-19,AI & Machine Learning,47,489,1651,198,413000000
2022-03-19,Quantum Computing,86,1980,1061,285,32000000
2022-03-19,Blockchain,81,3336,1628,286,213000000
2022-03-19,5G Networks,52,885,1074,128,382000000
2022-03-19,Edge Computing,64,3901,1666,263,335000000
2022-03-19,Cybersecurity,65,1191,1893,452,123000000
2022-03-19,AR/VR,60,2898,243,79,275000000
2022-03-19,IoT,42,3695,1440,382,346000000
2022-03-19,Biotech,21,2585,244,17,197000000
2022-03-19,Renewable Energy,93,4695,1411,409,318000000
2022-03-26,AI & Machine Learning,66,4507,1640,483,421000000
2022-03-26,Quantum Computing,55,2400,151,258,352000000
2022-03-26,Blockchain,71,1538,1515,21,416000000
2022-03-26,5G Networks,21,4375,207,68,498000000
2022-03-26,Edge Computing,56,3167,1312,21,140000000
2022-03-26,Cybersecurity,26,1045,737,121,42000000
2022-03-26,AR/VR,67,510,256,32,156000000
2022-03-26,IoT,95,3719,1306,339,189000000
2022-03-26,Biotech,59,2476,1809,57,334000000
2022-03-26,Renewable Energy,27,221,537,240,277000000
2022-04-02,AI & Machine Learning,83,2090,1315,482,129000000
2022-04-02,Quantum Computing,56,1954,513,324,300000000
2022-04-02,Blockchain,86,4273,428,328,347000000
2022-04-02,5G Networks,47,3896,1320,77,186000000
2022-04-02,Edge Computing,48,2302,298,278,250000000
2022-04-02,Cybersecurity,33,1595,944,200,433000000
2022-04-02,AR/VR,97,3534,994,108,355000000
2022-04-02,IoT,31,1534,869,386,98000000
2022-04-02,Biotech,45,2612,1311,246,480000000
2022-04-02,Renewable Energy,30,2332,1312,12,328000000
2022-04-09,AI & Machine Learning,85,2598,1018,399,383000000
2022-04-09,Quantum Computing,60,3375,1100,33,196000000
2022-04-09,Blockchain,68,4767,1539,200,435000000
2022-04-09,5G Networks,78,4132,1582,297,262000000
2022-04-09,Edge Computing,72,3797,940,309,367000000
2022-04-09,Cybersecurity,85,2014,640,421,471000000
2022-04-09,AR/VR,88,2234,595,373,73000000
2022-04-09,IoT,51,2424,1427,464,483000000
2022-04-09,Biotech,88,1501,1660,407,141000000
2022-04-09,Renewable Energy,68,1258,1474,195,70000000
2022-04-16,AI & Machine Learning,66,3091,393,131,18000000
2022-04-16,Quantum Computing,70,4682,466,252,347000000
2022-04-16,Blockchain,88,4760,977,316,180000000
2022-04-16,5G Networks,54,4017,630,287,142000000
2022-04-16,Edge Computing,63,1266,503,182,302000000
2022-04-16,Cybersecurity,25,1200,1031,144,149000000
2022-04-16,AR/VR,82,404,454,173,197000000
2022-04-16,IoT,66,1677,1379,131,351000000
2022-04-16,Biotech,68,3011,993,487,100000000
2022-04-16,Renewable Energy,85,3803,1479,281,28000000
2022-04-23,AI & Machine Learning,61,3428,645,409,135000000
2022-04-23,Quantum Computing,79,4808,1289,406,417000000
2022-04-23,Blockchain,37,4467,390,153,186000000
2022-04-23,5G Networks,81,2719,953,347,371000000
2022-04-23,Edge Computing,94,173,1277,162,95000000
2022-04-23,Cybersecurity,83,3863,458,73,393000000
2022-04-23,AR/VR,78,1759,1921,303,463000000
2022-04-23,IoT,86,303,1230,279,257000000
2022-04-23,Biotech,53,118,363,365,360000000
2022-04-23,Renewable Energy,30,1285,507,452,329000000
2022-04-30,AI & Machine Learning,47,2754,314,444,455000000
2022-04-30,Quantum Computing,93,2552,731,257,425000000
2022-04-30,Blockchain,96,1023,838,486,369000000
2022-04-30,5G Networks,37,2219,179,116,260000000
2022-04-30,Edge Computing,35,2485,721,177,98000000
2022-04-30,Cybersecurity,69,1006,336,429,185000000
2022-04-30,AR/VR,29,4288,1670,382,296000000
2022-04-30,IoT,54,4042,1334,26,274000000
2022-04-30,Biotech,33,3714,554,280,245000000
2022-04-30,Renewable Energy,44,1918,1098,312,202000000
2022-05-07,AI & Machine Learning,75,4903,407,277,167000000
2022-05-07,Quantum Computing,67,1869,1150,158,78000000
2022-05-07,Blockchain,46,3602,785,343,380000000
2022-05-07,5G Networks,25,2835,1539,157,321000000
2022-05-07,Edge Computing,34,4366,517,467,153000000
2022-05-07,Cybersecurity,60,3695,1461,36,304000000
2022-05-07,AR/VR,48,4006,817,492,194000000
2022-05-07,IoT,74,742,1034,150,371000000
2022-05-07,Biotech,72,1773,1814,469,260000000
2022-05-07,Renewable Energy,37,292,941,408,153000000
2022-05-14,AI & Machine Learning,33,2921,679,469,9000000
2022-05-14,Quantum Computing,37,4371,708,390,184000000
2022-05-14,Blockchain,58,2752,1193,80,23000000
2022-05-14,5G Networks,24,4286,1514,420,288000000
2022-05-14,Edge Computing,30,1891,630,152,463000000
2022-05-14,Cybersecurity,63,3411,1927,38,238000000
2022-05-14,AR/VR,27,3807,890,31,74000000
2022-05-14,IoT,73,3556,1644,251,233000000
2022-05-14,Biotech,29,1300,1449,370,472000000
2022-05-14,Renewable Energy,21,3031,1385,97,254000000
2022-05-21,AI & Machine Learning,83,3186,703,390,389000000
2022-05-21,Quantum Computing,66,4703,349,492,86000000
2022-05-21,Blockchain,21,365,825,93,363000000
2022-05-21,5G Networks,99,2076,162,312,358000000
2022-05-21,Edge Computing,54,4030,302,184,18000000
2022-05-21,Cybersecurity,42,1131,1691,124,347000000
2022-05-21,AR/VR,27,2422,711,482,265000000
2022-05-21,IoT,42,217,1697,22,110000000
2022-05-21,Biotech,55,490,194,195,427000000
2022-05-21,Renewable Energy,41,2066,1147,272,175000000
2022-05-28,AI & Machine Learning,57,2054,1111,375,497000000
2022-05-28,Quantum Computing,63,1157,1036,368,357000000
2022-05-28,Blockchain,91,3963,1968,380,291000000
2022-05-28,5G Networks,86,1427,560,270,180000000
2022-05-28,Edge Computing,51,1754,677,371,203000000
2022-05-28,Cybersecurity,39,2645,1135,434,100000000
2022-05-28,AR/VR,54,2229,242,356,162000000
2022-05-28,IoT,35,2582,354,112,30000000
2022-05-28,Biotech,22,2700,1715,262,454000000
2022-05-28,Renewable Energy,33,2434,1491,434,81000000
2022-06-04,AI & Machine Learning,75,522,1584,157,11000000
2022-06-04,Quantum Computing,51,504,663,158,222000000
2022-06-04,Blockchain,32,2916,476,105,197000000
2022-06-04,5G Networks,66,142,1121,333,395000000
2022-06-04,Edge Computing,85,3919,1006,17,347000000
2022-06-04,Cybersecurity,72,1479,1528,266,446000000
2022-06-04,AR/VR,22,4902,658,433,43000000
2022-06-04,IoT,98,2278,1519,18,195000000
2022-06-04,Biotech,54,2746,688,312,434000000
2022-06-04,Renewable Energy,59,639,275,312,321000000
2022-06-11,AI & Machine Learning,62,385,1315,121,332000000
2022-06-11,Quantum Computing,35,1580,1959,250,107000000
2022-06-11,Blockchain,32,3970,1875,157,17000000
2022-06-11,5G Networks,60,1849,1177,480,366000000
2022-06-11,Edge Computing,59,3832,780,144,43000000
2022-06-11,Cybersecurity,26,4744,785,182,381000000
2022-06-11,AR/VR,40,3915,912,112,21000000
2022-06-11,IoT,67,4869,1681,59,449000000
2022-06-11,Biotech,47,3352,1757,14,161000000
2022-06-11,Renewable Energy,96,1822,1084,106,117000000
2022-06-18,AI & Machine Learning,47,2739,1818,182,376000000
2022-06-18,Quantum Computing,55,3976,1190,343,436000000
2022-06-18,Blockchain,50,2090,285,350,439000000
2022-06-18,5G Networks,29,1069,440,143,211000000
2022-06-18,Edge Computing,69,2059,1684,42,9000000
2022-06-18,Cybersecurity,45,2055,59,83,422000000
2022-06-18,AR/VR,37,209,1807,34,65000000
2022-06-18,IoT,97,3883,778,454,112000000
2022-06-18,Biotech,23,1986,997,242,162000000
2022-06-18,Renewable Energy,36,358,1354,130,149000000
2022-06-25,AI & Machine Learning,87,1386,100,311,364000000
2022-06-25,Quantum Computing,81,2761,721,255,148000000
2022-06-25,Blockchain,50,3373,1222,153,285000000
2022-06-25,5G Networks,34,1419,943,198,297000000
2022-06-25,Edge Computing,86,908,1074,286,241000000
2022-06-25,Cybersecurity,50,704,1931,311,81000000
2022-06-25,AR/VR,85,940,277,494,368000000
2022-06-25,IoT,97,3191,329,176,394000000
2022-06-25,Biotech,31,4770,1638,38,282000000
2022-06-25,Renewable Energy,33,3946,386,72,30000000
2022-07-02,AI & Machine Learning,47,4471,1201,238,252000000
2022-07-02,Quantum Computing,41,2671,1506,435,117000000
2022-07-02,Blockchain,92,4760,1383,242,157000000
2022-07-02,5G Networks,41,3327,1584,384,485000000
2022-07-02,Edge Computing,93,3605,108,243,74000000
2022-07-02,Cybersecurity,35,4155,1287,153,384000000
2022-07-02,AR/VR,64,327,389,480,146000000
2022-07-02,IoT,24,673,1578,39,431000000
2022-07-02,Biotech,66,3893,1734,54,138000000
2022-07-02,Renewable Energy,58,3491,1504,467,309000000
2022-07-09,AI & Machine Learning,44,4831,339,106,135000000
2022-07-09,Quantum Computing,89,2464,1967,271,201000000
2022-07-09,Blockchain,85,4917,111,92,247000000
2022-07-09,5G Networks,38,4799,1110,166,472000000
2022-07-09,Edge Computing,42,2141,65,473,103000000
2022-07-09,Cybersecurity,25,2354,390,224,239000000
2022-07-09,AR/VR,61,3414,1061,416,127000000
2022-07-09,IoT,95,2584,719,491,275000000
2022-07-09,Biotech,72,1453,1061,379,183000000
2022-07-09,Renewable Energy,91,794,835,321,450000000
2022-07-16,AI & Machine Learning,54,4897,1256,76,114000000
2022-07-16,Quantum Computing,83,241,58,118,221000000
2022-07-16,Blockchain,28,3808,1007,430,117000000
2022-07-16,5G Networks,56,1715,1305,26,489000000
2022-07-16,Edge Computing,62,141,770,298,211000000
2022-07-16,Cybersecurity,93,1895,1044,104,294000000
2022-07-16,AR/VR,41,4585,1933,127,403000000
2022-07-16,IoT,67,1647,775,376,376000000
2022-07-16,Biotech,97,4791,932,381,115000000
2022-07-16,Renewable Energy,72,156,281,283,167000000
2022-07-23,AI & Machine Learning,31,4116,1804,76,191000000
2022-07-23,Quantum Computing,67,4195,1477,296,118000000
2022-07-23,Blockchain,98,453,847,461,229000000
2022-07-23,5G Networks,87,3974,1686,221,378000000
2022-07-23,Edge Computing,52,1783,1190,488,157000000
2022-07-23,Cybersecurity,32,4082,1991,213,172000000
2022-07-23,AR/VR,90,2317,856,47,483000000
2022-07-23,IoT,63,1536,635,107,229000000
2022-07-23,Biotech,29,3441,1055,342,28000000
2022-07-23,Renewable Energy,65,3719,1650,482,172000000
2022-07-30,AI & Machine Learning,64,2901,964,463,142000000
2022-07-30,Quantum Computing,48,2176,906,180,368000000
2022-07-30,Blockchain,21,4768,257,197,54000000
2022-07-30,5G Networks,23,4674,1816,260,375000000
2022-07-30,Edge Computing,44,2874,1182,192,401000000
2022-07-30,Cybersecurity,72,1533,1562,466,201000000
2022-07-30,AR/VR,45,3871,497,260,309000000
2022-07-30,IoT,89,1832,842,247,341000000
2022-07-30,Biotech,49,1376,132,454,348000000
2022-07-30,Renewable Energy,73,109,631,116,211000000
2022-08-06,AI & Machine Learning,72,793,1991,300,95000000
2022-08-06,Quantum Computing,74,2210,1837,200,382000000
2022-08-06,Blockchain,31,2723,131,155,300000000
2022-08-06,5G Networks,94,1207,1374,93,83000000
2022-08-06,Edge Computing,72,1630,1333,144,335000000
2022-08-06,Cybersecurity,49,1134,645,418,348000000
2022-08-06,AR/VR,51,3441,1493,285,77000000
2022-08-06,IoT,65,3501,1490,296,397000000
2022-08-06,Biotech,51,1992,830,86,336000000
2022-08-06,Renewable Energy,34,3079,447,215,74000000
2022-08-13,AI & Machine Learning,25,1985,1768,123,332000000
2022-08-13,Quantum Computing,81,4756,776,172,443000000
2022-08-13,Blockchain,84,1978,1746,473,195000000
2022-08-13,5G Networks,99,3034,1634,259,25000000
2022-08-13,Edge Computing,48,2223,1620,193,157000000
2022-08-13,Cybersecurity,82,733,1567,167,104000000
2022-08-13,AR/VR,34,1214,964,289,473000000
2022-08-13,IoT,33,1586,345,148,288000000
2022-08-13,Biotech,62,943,909,372,349000000
2022-08-13,Renewable Energy,54,2216,1678,212,259000000
2022-08-20,AI & Machine Learning,57,1203,577,261,326000000
2022-08-20,Quantum Computing,20,3239,408,254,465000000
2022-08-20,Blockchain,22,3528,146,398,321000000
2022-08-20,5G Networks,37,3234,1376,141,58000000
2022-08-20,Edge Computing,59,4373,136,422,50000000
2022-08-20,Cybersecurity,96,3793,1547,105,92000000
2022-08-20,AR/VR,99,1662,301,77,484000000
2022-08-20,IoT,62,3437,1337,94,131000000
2022-08-20,Biotech,82,336,835,493,281000000
2022-08-20,Renewable Energy,82,3316,1661,494,85000000
2022-08-27,AI & Machine Learning,91,3107,1608,251,207000000
2022-08-27,Quantum Computing,55,1887,1996,199,229000000
2022-08-27,Blockchain,83,4426,357,203,450000000
2022-08-27,5G Networks,37,199,730,229,469000000
2022-08-27,Edge Computing,58,4591,1712,292,352000000
2022-08-27,Cybersecurity,34,2009,261,52,329000000
2022-08-27,AR/VR,88,812,1614,404,462000000
2022-08-27,IoT,26,4915,866,142,182000000
2022-08-27,Biotech,91,4820,1423,92,277000000
2022-08-27,Renewable Energy,32,715,1442,334,457000000
2022-09-03,AI & Machine Learning,46,1481,644,420,222000000
2022-09-03,Quantum Computing,20,3577,1008,255,470000000
2022-09-03,Blockchain,39,3802,1645,401,416000000
2022-09-03,5G Networks,92,3329,1976,175,98000000
2022-09-03,Edge Computing,45,2430,729,144,166000000
2022-09-03,Cybersecurity,61,1946,443,341,393000000
2022-09-03,AR/VR,84,3580,1164,148,275000000
2022-09-03,IoT,93,2890,781,15,31000000
2022-09-03,Biotech,68,958,856,394,65000000
2022-09-03,Renewable Energy,75,1124,58,206,439000000
2022-09-10,AI & Machine Learning,27,138,1995,189,227000000
2022-09-10,Quantum Computing,66,1261,884,393,236000000
2022-09-10,Blockchain,81,1757,331,346,398000000
2022-09-10,5G Networks,29,216,461,178,234000000
2022-09-10,Edge Computing,83,1314,1962,105,88000000
2022-09-10,Cybersecurity,77,844,409,428,101000000
2022-09-10,AR/VR,69,1662,1707,97,113000000
2022-09-10,IoT,63,3226,1284,492,152000000
2022-09-10,Biotech,78,3933,183,451,368000000
2022-09-10,Renewable Energy,73,2563,1065,354,167000000
2022-09-17,AI & Machine Learning,39,1324,1744,217,313000000
2022-09-17,Quantum Computing,44,2189,1583,181,394000000
2022-09-17,Blockchain,82,4070,176,167,341000000
2022-09-17,5G Networks,82,659,1691,196,80000000
2022-09-17,Edge Computing,71,4040,287,69,211000000
2022-09-17,Cybersecurity,20,1481,623,65,35000000
2022-09-17,AR/VR,72,1183,1444,351,192000000
2022-09-17,IoT,33,2927,1500,220,26000000
2022-09-17,Biotech,84,3099,1380,248,60000000
2022-09-17,Renewable Energy,33,3474,1064,64,35000000
2022-09-24,AI & Machine Learning,93,3028,1753,452,95000000
2022-09-24,Quantum Computing,30,657,521,423,15000000
2022-09-24,Blockchain,75,3863,407,462,413000000
2022-09-24,5G Networks,27,1945,1305,22,343000000
2022-09-24,Edge Computing,66,2418,840,244,82000000
2022-09-24,Cybersecurity,85,2531,1300,368,207000000
2022-09-24,AR/VR,56,475,1426,120,116000000
2022-09-24,IoT,57,3276,863,17,497000000
2022-09-24,Biotech,84,2766,1306,236,39000000
2022-09-24,Renewable Energy,83,3195,1989,400,14000000
2022-10-01,AI & Machine Learning,75,424,316,352,338000000
2022-10-01,Quantum Computing,75,2124,797,445,449000000
2022-10-01,Blockchain,26,443,238,145,388000000
2022-10-01,5G Networks,63,4302,254,192,429000000
2022-10-01,Edge Computing,28,3696,880,245,192000000
2022-10-01,Cybersecurity,63,2823,303,394,492000000
2022-10-01,AR/VR,29,3300,567,214,133000000
2022-10-01,IoT,30,172,731,423,291000000
2022-10-01,Biotech,39,2093,678,189,195000000
2022-10-01,Renewable Energy,80,3157,1021,189,323000000
2022-10-08,AI & Machine Learning,98,2776,846,166,165000000
2022-10-08,Quantum Computing,40,3011,1747,387,37000000
2022-10-08,Blockchain,95,124,1867,438,220000000
2022-10-08,5G Networks,73,4338,1471,14,497000000
2022-10-08,Edge Computing,51,253,237,89,34000000
2022-10-08,Cybersecurity,34,3721,1159,485,38000000
2022-10-08,AR/VR,87,2529,1114,450,242000000
2022-10-08,IoT,77,3238,867,18,205000000
2022-10-08,Biotech,89,4749,352,165,461000000
2022-10-08,Renewable Energy,68,1832,1555,18,480000000
2022-10-15,AI & Machine Learning,83,1758,1136,44,471000000
2022-10-15,Quantum Computing,60,2592,969,68,358000000
2022-10-15,Blockchain,49,2027,477,30,315000000
2022-10-15,5G Networks,43,1037,1786,157,74000000
2022-10-15,Edge Computing,71,159,1142,361,123000000
2022-10-15,Cybersecurity,42,341,1014,308,430000000
2022-10-15,AR/VR,23,4519,1634,29,215000000
2022-10-15,IoT,62,3887,552,221,475000000
2022-10-15,Biotech,74,2958,775,200,450000000
2022-10-15,Renewable Energy,92,3458,1939,264,15000000
2022-10-22,AI & Machine Learning,58,1219,842,467,157000000
2022-10-22,Quantum Computing,78,1492,1905,28,250000000
2022-10-22,Blockchain,74,3265,533,40,479000000
2022-10-22,5G Networks,59,4916,1329,80,441000000
2022-10-22,Edge Computing,82,630,329,16,248000000
2022-10-22,Cybersecurity,99,2796,1561,260,43000000
2022-10-22,AR/VR,85,2926,759,268,168000000
2022-10-22,IoT,75,3534,1232,44,97000000
2022-10-22,Biotech,75,1727,742,204,368000000
2022-10-22,Renewable Energy,93,4701,100,394,307000000
2022-10-29,AI & Machine Learning,25,3552,663,172,251000000
2022-10-29,Quantum Computing,72,2334,786,191,58000000
2022-10-29,Blockchain,79,1297,683,145,16000000
2022-10-29,5G Networks,72,3199,1077,347,156000000
2022-10-29,Edge Computing,74,1161,266,453,51000000
2022-10-29,Cybersecurity,98,308,362,147,291000000
2022-10-29,AR/VR,81,2825,1734,204,181000000
2022-10-29,IoT,64,551,1229,76,456000000
2022-10-29,Biotech,63,2437,1352,149,454000000
2022-10-29,Renewable Energy,77,1797,694,379,351000000
2022-11-05,AI & Machine Learning,40,318,1739,11,37000000
2022-11-05,Quantum Computing,36,2925,673,68,54000000
2022-11-05,Blockchain,96,2696,395,430,367000000
2022-11-05,5G Networks,47,3827,449,255,259000000
2022-11-05,Edge Computing,20,1684,1702,398,117000000
2022-11-05,Cybersecurity,75,3028,875,156,408000000
2022-11-05,AR/VR,84,924,1480,87,336000000
2022-11-05,IoT,59,2097,640,358,67000000
2022-11-05,Biotech,74,1220,1517,188,50000000
2022-11-05,Renewable Energy,28,4989,1727,262,131000000
2022-11-12,AI & Machine Learning,27,3118,1170,330,4000000
2022-11-12,Quantum Computing,88,2843,684,434,494000000
2022-11-12,Blockchain,23,4281,675,419,335000000
2022-11-12,5G Networks,52,4218,974,175,267000000
2022-11-12,Edge Computing,96,617,457,215,2000000
2022-11-12,Cybersecurity,39,1425,1369,358,165000000
2022-11-12,AR/VR,23,4868,155,316,377000000
2022-11-12,IoT,71,1492,99,82,487000000
2022-11-12,Biotech,98,651,1400,154,420000000
2022-11-12,Renewable Energy,66,2505,397,67,254000000
2022-11-19,AI & Machine Learning,98,1580,954,282,17000000
2022-11-19,Quantum Computing,41,2774,1238,17,190000000
2022-11-19,Blockchain,80,4821,530,83,100000000
2022-11-19,5G Networks,23,1405,997,60,204000000
2022-11-19,Edge Computing,95,975,420,365,449000000
2022-11-19,Cybersecurity,93,2944,1426,110,440000000
2022-11-19,AR/VR,97,431,775,69,483000000
2022-11-19,IoT,96,1248,1919,498,36000000
2022-11-19,Biotech,84,3840,1694,344,415000000
2022-11-19,Renewable Energy,98,1012,584,499,421000000
2022-11-26,AI & Machine Learning,75,1756,605,290,321000000
2022-11-26,Quantum Computing,93,1242,768,470,349000000
2022-11-26,Blockchain,22,4438,100,398,210000000
2022-11-26,5G Networks,39,2263,1374,235,256000000
2022-11-26,Edge Computing,26,1293,55,395,450000000
2022-11-26,Cybersecurity,43,1927,756,243,410000000
2022-11-26,AR/VR,85,3641,1252,25,380000000
2022-11-26,IoT,75,2700,425,99,484000000
2022-11-26,Biotech,29,4806,1870,250,393000000
2022-11-26,Renewable Energy,82,3310,859,365,217000000
2022-12-03,AI & Machine Learning,31,1059,1110,373,156000000
2022-12-03,Quantum Computing,20,2789,231,109,357000000
2022-12-03,Blockchain,22,4923,1676,223,331000000
2022-12-03,5G Networks,29,2247,1427,30,322000000
2022-12-03,Edge Computing,39,905,1113,471,82000000
2022-12-03,Cybersecurity,60,3034,323,430,236000000
2022-12-03,AR/VR,56,2653,104,453,154000000
2022-12-03,IoT,44,4272,1128,187,213000000
2022-12-03,Biotech,88,2661,1762,281,162000000
2022-12-03,Renewable Energy,36,4820,436,28,239000000
2022-12-10,AI & Machine Learning,38,4165,1516,131,127000000
2022-12-10,Quantum Computing,84,566,1979,250,55000000
2022-12-10,Blockchain,59,790,1060,301,459000000
2022-12-10,5G Networks,58,261,1153,49,120000000
2022-12-10,Edge Computing,56,2296,513,60,7000000
2022-12-10,Cybersecurity,41,4115,181,43,207000000
2022-12-10,AR/VR,37,458,1345,373,422000000
2022-12-10,IoT,80,1283,938,294,182000000
2022-12-10,Biotech,32,1557,1235,120,248000000
2022-12-10,Renewable Energy,30,2968,997,324,289000000
2022-12-17,AI & Machine Learning,70,207,695,456,28000000
2022-12-17,Quantum Computing,25,2530,1237,331,165000000
2022-12-17,Blockchain,82,4981,607,194,265000000
2022-12-17,5G Networks,37,2072,1701,270,256000000
2022-12-17,Edge Computing,70,2595,876,38,357000000
2022-12-17,Cybersecurity,63,3783,443,462,205000000
2022-12-17,AR/VR,48,1027,881,45,227000000
2022-12-17,IoT,74,1973,1990,444,164000000
2022-12-17,Biotech,37,2663,1027,419,291000000
2022-12-17,Renewable Energy,26,3054,229,292,190000000
2022-12-24,AI & Machine Learning,77,503,59,388,313000000
2022-12-24,Quantum Computing,39,3150,752,430,281000000
2022-12-24,Blockchain,78,3282,956,198,285000000
2022-12-24,5G Networks,94,3229,567,312,413000000
2022-12-24,Edge Computing,85,1843,1288,85,269000000
2022-12-24,Cybersecurity,30,1864,530,209,424000000
2022-12-24,AR/VR,57,3543,577,325,119000000
2022-12-24,IoT,83,4110,500,153,267000000
2022-12-24,Biotech,36,1455,280,229,129000000
2022-12-24,Renewable Energy,88,1732,779,482,89000000
2022-12-31,AI & Machine Learning,52,934,1494,323,375000000
2022-12-31,Quantum Computing,96,1165,1459,174,43000000
2022-12-31,Blockchain,97,1487,288,320,137000000
2022-12-31,5G Networks,99,2448,1238,11,234000000
2022-12-31,Edge Computing,53,4621,233,103,78000000
2022-12-31,Cybersecurity,54,3466,1650,493,384000000
2022-12-31,AR/VR,86,4832,909,224,454000000
2022-12-31,IoT,42,4624,392,99,198000000
2022-12-31,Biotech,67,758,806,476,448000000
2022-12-31,Renewable Energy,90,2221,224,127,203000000
2023-01-07,AI & Machine Learning,55,1198,604,118,290000000
2023-01-07,Quantum Computing,43,1853,1125,34,432000000
2023-01-07,Blockchain,57,4034,636,72,391000000
2023-01-07,5G Networks,76,4910,1144,236,364000000
2023-01-07,Edge Computing,74,1067,1987,161,38000000
2023-01-07,Cybersecurity,60,2585,1134,283,74000000
2023-01-07,AR/VR,80,2496,450,167,58000000
2023-01-07,IoT,77,1581,1658,152,477000000
2023-01-07,Biotech,45,3520,375,309,251000000
2023-01-07,Renewable Energy,26,3928,885,198,15000000
2023-01-14,AI & Machine Learning,27,3085,1324,104,336000000
2023-01-14,Quantum Computing,61,3694,467,317,185000000
2023-01-14,Blockchain,54,706,1852,149,398000000
2023-01-14,5G Networks,27,703,539,66,249000000
2023-01-14,Edge Computing,63,3084,1753,51,426000000
2023-01-14,Cybersecurity,20,522,1315,104,92000000
2023-01-14,AR/VR,30,1074,61,475,424000000
2023-01-14,IoT,81,3929,595,178,467000000
2023-01-14,Biotech,85,1966,218,198,288000000
2023-01-14,Renewable Energy,89,1009,1260,182,16000000
2023-01-21,AI & Machine Learning,83,1534,1469,429,365000000
2023-01-21,Quantum Computing,78,4714,1128,300,413000000
2023-01-21,Blockchain,45,1098,1425,431,134000000
2023-01-21,5G Networks,68,4936,1727,244,57000000
2023-01-21,Edge Computing,40,3704,778,154,71000000
2023-01-21,Cybersecurity,80,2896,1267,196,388000000
2023-01-21,AR/VR,39,901,1682,390,211000000
2023-01-21,IoT,63,1422,778,464,391000000
2023-01-21,Biotech,76,3276,1309,315,129000000
2023-01-21,Renewable Energy,94,4402,688,336,19000000
2023-01-28,AI & Machine Learning,81,4829,1356,355,126000000
2023-01-28,Quantum Computing,22,1422,1360,121,63000000
2023-01-28,Blockchain,83,544,1182,349,390000000
2023-01-28,5G Networks,21,3837,1027,305,1000000
2023-01-28,Edge Computing,58,3080,680,441,301000000
2023-01-28,Cybersecurity,99,3027,306,407,154000000
2023-01-28,AR/VR,86,696,1790,315,25000000
2023-01-28,IoT,71,3050,1041,179,223000000
2023-01-28,Biotech,21,4921,669,168,469000000
2023-01-28,Renewable Energy,97,2240,435,161,448000000
2023-02-04,AI & Machine Learning,33,761,1317,238,6000000
2023-02-04,Quantum Computing,50,3497,1261,171,384000000
2023-02-04,Blockchain,55,4536,510,245,131000000
2023-02-04,5G Networks,39,1629,112,435,384000000
2023-02-04,Edge Computing,33,4683,1819,50,158000000
2023-02-04,Cybersecurity,81,3386,1706,410,440000000
2023-02-04,AR/VR,56,368,1800,168,489000000
2023-02-04,IoT,99,2309,1708,287,346000000
2023-02-04,Biotech,59,3189,1973,457,128000000
2023-02-04,Renewable Energy,91,4177,1256,74,232000000
2023-02-11,AI & Machine Learning,60,1194,1536,75,336000000
2023-02-11,Quantum Computing,70,826,1805,297,195000000
2023-02-11,Blockchain,46,4583,303,158,65000000
2023-02-11,5G Networks,87,2379,1359,377,110000000
2023-02-11,Edge Computing,72,2675,1730,123,40000000
2023-02-11,Cybersecurity,53,1391,124,47,437000000
2023-02-11,AR/VR,78,2658,724,376,416000000
2023-02-11,IoT,75,3208,1141,414,313000000
2023-02-11,Biotech,69,4775,728,250,221000000
2023-02-11,Renewable Energy,53,2750,274,50,94000000
2023-02-18,AI & Machine Learning,33,2379,189,361,329000000
2023-02-18,Quantum Computing,77,4658,416,198,79000000
2023-02-18,Blockchain,73,3530,325,461,423000000
2023-02-18,5G Networks,85,2168,498,131,462000000
2023-02-18,Edge Computing,27,1669,1467,124,131000000
2023-02-18,Cybersecurity,39,2969,1351,313,137000000
2023-02-18,AR/VR,23,3480,1977,358,86000000
2023-02-18,IoT,85,3141,449,50,119000000
2023-02-18,Biotech,83,2600,586,103,304000000
2023-02-18,Renewable Energy,34,1384,1164,109,382000000
2023-02-25,AI & Machine Learning,65,325,1002,228,247000000
2023-02-25,Quantum Computing,21,2057,1560,250,137000000
2023-02-25,Blockchain,67,1038,628,204,78000000
2023-02-25,5G Networks,57,3265,1260,446,242000000
2023-02-25,Edge Computing,85,2272,1451,235,61000000
2023-02-25,Cybersecurity,86,289,1969,376,35000000
2023-02-25,AR/VR,41,1518,1919,66,114000000
2023-02-25,IoT,94,1964,1881,230,232000000
2023-02-25,Biotech,33,4272,830,192,499000000
2023-02-25,Renewable Energy,71,2454,1333,481,372000000
2023-03-04,AI & Machine Learning,31,3418,92,336,250000000
2023-03-04,Quantum Computing,80,3693,870,395,325000000
2023-03-04,Blockchain,35,2539,284,137,437000000
2023-03-04,5G Networks,45,206,318,101,473000000
2023-03-04,Edge Computing,80,2661,738,350,452000000
2023-03-04,Cybersecurity,28,3197,1109,432,241000000
2023-03-04,AR/VR,29,928,504,454,433000000
2023-03-04,IoT,22,3862,1403,12,40000000
2023-03-04,Biotech,59,4007,304,48,479000000
2023-03-04,Renewable Energy,59,3483,983,367,171000000
2023-03-11,AI & Machine Learning,80,4499,297,435,46000000
2023-03-11,Quantum Computing,62,1388,917,247,38000000
2023-03-11,Blockchain,63,1612,1809,474,293000000
2023-03-11,5G Networks,28,2412,691,99,233000000
2023-03-11,Edge Computing,77,334,1632,106,381000000
2023-03-11,Cybersecurity,42,4877,960,181,375000000
2023-03-11,AR/VR,81,3876,1423,400,56000000
2023-03-11,IoT,40,116,679,197,344000000
2023-03-11,Biotech,86,809,1835,19,186000000
2023-03-11,Renewable Energy,44,1739,1608,366,33000000
2023-03-18,AI & Machine Learning,36,3214,1544,108,338000000
2023-03-18,Quantum Computing,97,3052,1824,82,171000000
2023-03-18,Blockchain,72,3923,1421,357,224000000
2023-03-18,5G Networks,74,2367,1399,289,223000000
2023-03-18,Edge Computing,89,4033,896,205,315000000
2023-03-18,Cybersecurity,27,2346,1267,180,55000000
2023-03-18,AR/VR,27,1158,1278,184,494000000
2023-03-18,IoT,48,2773,1668,466,332000000
2023-03-18,Biotech,50,4218,1281,89,122000000
2023-03-18,Renewable Energy,58,803,1290,60,298000000
2023-03-25,AI & Machine Learning,64,2692,1273,427,398000000
2023-03-25,Quantum Computing,83,2936,476,380,363000000
2023-03-25,Blockchain,51,1768,682,266,410000000
2023-03-25,5G Networks,50,1781,1656,247,362000000
2023-03-25,Edge Computing,27,642,172,110,235000000
2023-03-25,Cybersecurity,50,176,1442,426,316000000
2023-03-25,AR/VR,60,282,493,292,236000000
2023-03-25,IoT,43,688,1189,146,311000000
2023-03-25,Biotech,20,3486,1891,163,355000000
2023-03-25,Renewable Energy,71,1331,1549,412,386000000
2023-04-01,AI & Machine Learning,97,3130,1313,36,370000000
2023-04-01,Quantum Computing,90,1835,1039,135,342000000
2023-04-01,Blockchain,87,3840,1935,248,103000000
2023-04-01,5G Networks,86,2193,611,497,303000000
2023-04-01,Edge Computing,38,239,1319,243,372000000
2023-04-01,Cybersecurity,65,824,1644,260,361000000
2023-04-01,AR/VR,92,3754,1126,118,117000000
2023-04-01,IoT,80,1438,1501,233,346000000
2023-04-01,Biotech,98,2932,784,199,233000000
2023-04-01,Renewable Energy,41,2561,914,166,74000000
2023-04-08,AI & Machine Learning,85,231,1532,111,108000000
2023-04-08,Quantum Computing,74,3078,1914,258,443000000
2023-04-08,Blockchain,51,1746,434,94,153000000
2023-04-08,5G Networks,39,386,121,245,156000000
2023-04-08,Edge Computing,51,1470,1025,173,62000000
2023-04-08,Cybersecurity,91,1583,244,464,62000000
2023-04-08,AR/VR,54,2989,1304,491,260000000
2023-04-08,IoT,96,1955,1692,183,407000000
2023-04-08,Biotech,75,2095,1075,99,4000000
2023-04-08,Renewable Energy,35,2888,1140,213,212000000
2023-04-15,AI & Machine Learning,84,539,175,55,94000000
2023-04-15,Quantum Computing,80,3721,1484,399,326000000
2023-04-15,Blockchain,54,2618,1707,383,255000000
2023-04-15,5G Networks,39,1797,1393,392,199000000
2023-04-15,Edge Computing,30,920,171,126,277000000
2023-04-15,Cybersecurity,30,1037,1757,399,461000000
2023-04-15,AR/VR,94,2844,1007,133,85000000
2023-04-15,IoT,39,4199,1017,68,469000000
2023-04-15,Biotech,99,3032,1984,103,305000000
2023-04-15,Renewable Energy,75,4823,1571,162,3000000
2023-04-22,AI & Machine Learning,20,2555,1984,117,302000000
2023-04-22,Quantum Computing,59,3360,1271,67,315000000
2023-04-22,Blockchain,96,2594,1381,469,255000000
2023-04-22,5G Networks,97,3980,1545,330,390000000
2023-04-22,Edge Computing,56,1880,334,90,53000000
2023-04-22,Cybersecurity,63,4681,793,26,227000000
2023-04-22,AR/VR,26,3571,1254,347,382000000
2023-04-22,IoT,77,3419,1582,356,362000000
2023-04-22,Biotech,34,1681,1218,19,423000000
2023-04-22,Renewable Energy,81,2181,882,88,399000000
2023-04-29,AI & Machine Learning,97,2957,1968,419,399000000
2023-04-29,Quantum Computing,46,2488,1265,126,11000000
2023-04-29,Blockchain,64,3511,291,198,3000000
2023-04-29,5G Networks,32,445,1225,418,56000000
2023-04-29,Edge Computing,23,4614,373,226,459000000
2023-04-29,Cybersecurity,31,2469,1137,484,263000000
2023-04-29,AR/VR,88,3575,767,453,140000000
2023-04-29,IoT,74,3909,724,202,31000000
2023-04-29,Biotech,60,2239,839,238,81000000
2023-04-29,Renewable Energy,87,716,1485,349,412000000
2023-05-06,AI & Machine Learning,54,1979,1707,476,81000000
2023-05-06,Quantum Computing,61,1123,76,203,181000000
2023-05-06,Blockchain,29,1590,482,205,107000000
2023-05-06,5G Networks,49,315,1158,108,251000000
2023-05-06,Edge Computing,74,4687,784,61,7000000
2023-05-06,Cybersecurity,96,138,1228,100,419000000
2023-05-06,AR/VR,22,1696,464,20,149000000
2023-05-06,IoT,91,2315,975,476,119000000
2023-05-06,Biotech,41,2029,1669,212,395000000
2023-05-06,Renewable Energy,52,1681,1719,269,116000000
2023-05-13,AI & Machine Learning,74,2107,1891,40,382000000
2023-05-13,Quantum Computing,41,1983,139,340,291000000
2023-05-13,Blockchain,21,2185,375,492,146000000
2023-05-13,5G Networks,58,2502,1240,68,95000000
2023-05-13,Edge Computing,69,1220,1964,92,47000000
2023-05-13,Cybersecurity,52,4857,1959,435,165000000
2023-05-13,AR/VR,43,1995,212,234,486000000
2023-05-13,IoT,41,3716,139,292,346000000
2023-05-13,Biotech,37,4101,1902,410,177000000
2023-05-13,Renewable Energy,63,2343,885,201,10000000
2023-05-20,AI & Machine Learning,79,1023,1613,471,18000000
2023-05-20,Quantum Computing,71,2499,1226,230,262000000
2023-05-20,Blockchain,80,4491,1424,410,460000000
2023-05-20,5G Networks,74,4294,584,53,229000000
2023-05-20,Edge Computing,83,1543,856,124,35000000
2023-05-20,Cybersecurity,69,2111,1739,410,26000000
2023-05-20,AR/VR,80,1868,379,262,393000000
2023-05-20,IoT,32,4896,1925,340,145000000
2023-05-20,Biotech,46,2349,156,284,77000000
2023-05-20,Renewable Energy,45,4843,1917,200,113000000
2023-05-27,AI & Machine Learning,98,2404,885,320,294000000
2023-05-27,Quantum Computing,68,4020,837,382,255000000
2023-05-27,Blockchain,78,4307,243,84,192000000
2023-05-27,5G Networks,94,363,1087,158,398000000
2023-05-27,Edge Computing,65,742,1123,239,320000000
2023-05-27,Cybersecurity,98,3462,1692,172,389000000
2023-05-27,AR/VR,27,4572,1864,448,307000000
2023-05-27,IoT,86,4855,166,45,128000000
2023-05-27,Biotech,40,240,1383,369,6000000
2023-05-27,Renewable Energy,26,4557,846,110,473000000
2023-06-03,AI & Machine Learning,42,3033,1496,119,96000000
2023-06-03,Quantum Computing,63,1688,1204,463,358000000
2023-06-03,Blockchain,82,2246,1965,143,298000000
2023-06-03,5G Networks,25,323,1972,408,241000000
2023-06-03,Edge Computing,40,149,227,344,140000000
2023-06-03,Cybersecurity,48,3709,211,125,83000000
2023-06-03,AR/VR,41,806,1425,271,365000000
2023-06-03,IoT,56,1497,1895,214,109000000
2023-06-03,Biotech,50,2590,247,258,10000000
2023-06-03,Renewable Energy,98,3294,310,211,390000000
2023-06-10,AI & Machine Learning,53,3636,1646,378,181000000
2023-06-10,Quantum Computing,84,852,1286,285,310000000
2023-06-10,Blockchain,61,3259,1693,161,17000000
2023-06-10,5G Networks,55,4076,733,208,120000000
2023-06-10,Edge Computing,72,787,488,187,15000000
2023-06-10,Cybersecurity,84,4476,583,66,233000000
2023-06-10,AR/VR,79,326,1664,189,403000000
2023-06-10,IoT,37,601,1394,126,244000000
2023-06-10,Biotech,88,4051,1751,181,249000000
2023-06-10,Renewable Energy,37,2550,283,448,280000000
2023-06-17,AI & Machine Learning,59,2533,776,425,27000000
2023-06-17,Quantum Computing,37,3733,715,167,346000000
2023-06-17,Blockchain,45,3377,84,348,119000000
2023-06-17,5G Networks,50,712,798,179,465000000
2023-06-17,Edge Computing,72,1802,1488,480,485000000
2023-06-17,Cybersecurity,37,4691,1529,406,36000000
2023-06-17,AR/VR,93,2921,1919,218,410000000
2023-06-17,IoT,56,3286,723,209,75000000
2023-06-17,Biotech,76,1889,1760,55,163000000
2023-06-17,Renewable Energy,85,233,257,200,246000000
2023-06-24,AI & Machine Learning,83,2038,1029,498,319000000
2023-06-24,Quantum Computing,62,4108,84,320,104000000
2023-06-24,Blockchain,85,3558,698,230,380000000
2023-06-24,5G Networks,31,2048,77,22,181000000
2023-06-24,Edge Computing,64,1680,1955,420,121000000
2023-06-24,Cybersecurity,35,2476,1743,310,230000000
2023-06-24,AR/VR,98,4618,1746,418,385000000
2023-06-24,IoT,56,1244,506,476,408000000
2023-06-24,Biotech,39,1569,72,74,115000000
2023-06-24,Renewable Energy,76,4383,494,489,309000000
2023-07-01,AI & Machine Learning,24,534,1524,12,8000000
2023-07-01,Quantum Computing,23,2407,1384,411,222000000
2023-07-01,Blockchain,57,421,1038,443,357000000
2023-07-01,5G Networks,80,606,1006,300,413000000
2023-07-01,Edge Computing,39,2665,1903,63,255000000
2023-07-01,Cybersecurity,20,2292,1122,420,346000000
2023-07-01,AR/VR,32,2128,350,216,90000000
2023-07-01,IoT,55,4762,1520,324,7000000
2023-07-01,Biotech,92,3515,1112,498,350000000
2023-07-01,Renewable Energy,90,1108,881,343,476000000
2023-07-08,AI & Machine Learning,47,2560,1346,364,190000000
2023-07-08,Quantum Computing,81,4029,667,468,290000000
2023-07-08,Blockchain,48,4436,115,331,297000000
2023-07-08,5G Networks,56,1454,1379,388,293000000
2023-07-08,Edge Computing,39,2002,1010,440,43000000
2023-07-08,Cybersecurity,67,4662,963,135,223000000
2023-07-08,AR/VR,39,1960,1466,75,146000000
2023-07-08,IoT,87,1971,1897,480,112000000
2023-07-08,Biotech,84,3491,1413,378,192000000
2023-07-08,Renewable Energy,89,2657,204,423,218000000
2023-07-15,AI & Machine Learning,76,3688,984,458,277000000
2023-07-15,Quantum Computing,42,1067,209,446,328000000
2023-07-15,Blockchain,24,2942,1900,43,302000000
2023-07-15,5G Networks,96,3272,299,154,160000000
2023-07-15,Edge Computing,68,4159,130,281,206000000
2023-07-15,Cybersecurity,35,4516,1970,374,293000000
2023-07-15,AR/VR,31,910,1650,274,422000000
2023-07-15,IoT,58,3995,423,360,10000000
2023-07-15,Biotech,23,1601,1124,485,159000000
2023-07-15,Renewable Energy,86,298,294,446,409000000
2023-07-22,AI & Machine Learning,70,4298,447,205,484000000
2023-07-22,Quantum Computing,98,1771,482,469,462000000
2023-07-22,Blockchain,84,2384,224,54,418000000
2023-07-22,5G Networks,28,4518,1371,163,67000000
2023-07-22,Edge Computing,61,273,398,44,445000000
2023-07-22,Cybersecurity,90,1169,1683,394,259000000
2023-07-22,AR/VR,48,2446,1115,431,178000000
2023-07-22,IoT,51,4447,1181,73,330000000
2023-07-22,Biotech,83,2356,891,340,101000000
2023-07-22,Renewable Energy,84,1972,646,148,429000000
2023-07-29,AI & Machine Learning,72,2351,1112,430,284000000
2023-07-29,Quantum Computing,99,205,709,372,414000000
2023-07-29,Blockchain,64,4146,286,479,251000000
2023-07-29,5G Networks,97,2479,1019,468,61000000
2023-07-29,Edge Computing,23,582,758,23,49000000
2023-07-29,Cybersecurity,29,4642,1938,485,95000000
2023-07-29,AR/VR,38,3806,1030,195,440000000
2023-07-29,IoT,33,3815,75,387,488000000
2023-07-29,Biotech,62,2056,103,431,176000000
2023-07-29,Renewable Energy,94,3098,825,228,321000000
2023-08-05,AI & Machine Learning,63,4682,1249,362,420000000
2023-08-05,Quantum Computing,95,2781,1354,378,23000000
2023-08-05,Blockchain,69,1027,661,360,293000000
2023-08-05,5G Networks,58,4179,119,42,237000000
2023-08-05,Edge Computing,27,2037,770,443,459000000
2023-08-05,Cybersecurity,81,3737,1143,448,241000000
2023-08-05,AR/VR,97,4464,151,322,67000000
2023-08-05,IoT,91,1224,394,440,34000000
2023-08-05,Biotech,53,2316,66,325,258000000
2023-08-05,Renewable Energy,82,2046,221,330,311000000
2023-08-12,AI & Machine Learning,74,2373,690,23,391000000
2023-08-12,Quantum Computing,88,2552,1765,220,368000000
2023-08-12,Blockchain,97,2454,1782,352,452000000
2023-08-12,5G Networks,36,2983,220,465,177000000
2023-08-12,Edge Computing,49,108,941,66,21000000
2023-08-12,Cybersecurity,39,2912,1505,348,457000000
2023-08-12,AR/VR,96,4121,1596,211,123000000
2023-08-12,IoT,25,3749,1845,246,263000000
2023-08-12,Biotech,51,4638,272,437,121000000
2023-08-12,Renewable Energy,36,2557,871,162,447000000
2023-08-19,AI & Machine Learning,82,2782,1432,104,380000000
2023-08-19,Quantum Computing,90,4009,1456,388,422000000
2023-08-19,Blockchain,50,1548,784,98,267000000
2023-08-19,5G Networks,89,658,760,491,41000000
2023-08-19,Edge Computing,92,1860,960,395,491000000
2023-08-19,Cybersecurity,78,925,495,402,355000000
2023-08-19,AR/VR,34,3703,1141,167,446000000
2023-08-19,IoT,92,1232,1234,477,28000000
2023-08-19,Biotech,34,1707,1915,33,58000000
2023-08-19,Renewable Energy,50,3885,573,15,119000000
2023-08-26,AI & Machine Learning,86,3426,608,172,370000000
2023-08-26,Quantum Computing,35,3105,315,427,462000000
2023-08-26,Blockchain,78,1364,575,162,46000000
2023-08-26,5G Networks,27,3281,466,201,437000000
2023-08-26,Edge Computing,97,4586,1970,26,157000000
2023-08-26,Cybersecurity,21,1710,966,94,125000000
2023-08-26,AR/VR,65,3877,1929,84,63000000
2023-08-26,IoT,91,4038,1185,246,239000000
2023-08-26,Biotech,57,1666,582,368,74000000
2023-08-26,Renewable Energy,78,2250,1896,396,93000000
2023-09-02,AI & Machine Learning,95,4302,432,55,377000000
2023-09-02,Quantum Computing,76,4373,1442,98,129000000
2023-09-02,Blockchain,27,4367,733,69,263000000
2023-09-02,5G Networks,94,3865,1332,240,137000000
2023-09-02,Edge Computing,57,1551,1490,271,300000000
2023-09-02,Cybersecurity,76,4555,257,134,327000000
2023-09-02,AR/VR,66,667,1817,251,145000000
2023-09-02,IoT,23,2988,1970,226,135000000
2023-09-02,Biotech,59,4320,1716,68,152000000
2023-09-02,Renewable Energy,81,3322,1315,367,363000000
2023-09-09,AI & Machine Learning,65,4170,1058,287,1000000
2023-09-09,Quantum Computing,75,2644,744,73,490000000
2023-09-09,Blockchain,21,223,1359,316,466000000
2023-09-09,5G Networks,98,1698,1424,85,111000000
2023-09-09,Edge Computing,39,1234,915,98,76000000
2023-09-09,Cybersecurity,60,1616,1673,495,21000000
2023-09-09,AR/VR,33,3170,689,475,294000000
2023-09-09,IoT,90,2486,1733,310,394000000
2023-09-09,Biotech,93,1654,467,64,347000000
2023-09-09,Renewable Energy,37,4847,1277,452,334000000
2023-09-16,AI & Machine Learning,49,4362,79,174,226000000
2023-09-16,Quantum Computing,70,2557,1155,146,471000000
2023-09-16,Blockchain,93,4975,1074,324,386000000
2023-09-16,5G Networks,67,1884,1073,146,138000000
2023-09-16,Edge Computing,43,4417,781,258,408000000
2023-09-16,Cybersecurity,50,842,391,42,256000000
2023-09-16,AR/VR,86,2718,393,348,380000000
2023-09-16,IoT,70,1296,556,359,31000000
2023-09-16,Biotech,59,3458,1401,368,431000000
2023-09-16,Renewable Energy,85,1590,1530,21,294000000
2023-09-23,AI & Machine Learning,78,4219,908,127,182000000
2023-09-23,Quantum Computing,73,3854,1437,463,23000000
2023-09-23,Blockchain,51,745,441,437,426000000
2023-09-23,5G Networks,23,973,1583,87,371000000
2023-09-23,Edge Computing,48,3742,576,111,95000000
2023-09-23,Cybersecurity,92,4322,1741,60,247000000
2023-09-23,AR/VR,47,2179,459,425,459000000
2023-09-23,IoT,40,270,57,207,121000000
2023-09-23,Biotech,87,2815,809,372,313000000
2023-09-23,Renewable Energy,35,2260,92,321,281000000
2023-09-30,AI & Machine Learning,46,963,1801,417,123000000
2023-09-30,Quantum Computing,88,1576,554,231,405000000
2023-09-30,Blockchain,30,2629,1502,199,429000000
2023-09-30,5G Networks,88,4336,1703,440,208000000
2023-09-30,Edge Computing,53,2370,309,162,104000000
2023-09-30,Cybersecurity,39,501,1923,96,497000000
2023-09-30,AR/VR,85,3032,1289,490,355000000
2023-09-30,IoT,24,1129,1676,19,131000000
2023-09-30,Biotech,38,589,947,144,436000000
2023-09-30,Renewable Energy,65,3306,1025,358,375000000
2023-10-07,AI & Machine Learning,99,3436,1467,398,437000000
2023-10-07,Quantum Computing,38,1227,1510,137,45000000
2023-10-07,Blockchain,69,3336,1219,79,282000000
2023-10-07,5G Networks,94,1799,1276,141,412000000
2023-10-07,Edge Computing,33,4455,1860,13,36000000
2023-10-07,Cybersecurity,60,627,1116,401,154000000
2023-10-07,AR/VR,47,2242,730,54,66000000
2023-10-07,IoT,94,267,1182,88,407000000
2023-10-07,Biotech,22,489,907,197,147000000
2023-10-07,Renewable Energy,43,4224,577,352,376000000
2023-10-14,AI & Machine Learning,78,133,148,408,464000000
2023-10-14,Quantum Computing,46,1983,1617,135,236000000
2023-10-14,Blockchain,52,3224,1437,19,393000000
2023-10-14,5G Networks,48,3125,330,359,399000000
2023-10-14,Edge Computing,40,1776,688,499,40000000
2023-10-14,Cybersecurity,80,3185,1680,447,96000000
2023-10-14,AR/VR,41,340,1299,136,31000000
2023-10-14,IoT,22,4289,447,192,362000000
2023-10-14,Biotech,89,832,1343,342,181000000
2023-10-14,Renewable Energy,99,868,806,271,320000000
2023-10-21,AI & Machine Learning,76,2874,1419,404,243000000
2023-10-21,Quantum Computing,93,2374,1625,90,49000000
2023-10-21,Blockchain,51,2428,1386,216,96000000
2023-10-21,5G Networks,39,3933,102,261,128000000
2023-10-21,Edge Computing,69,2662,779,14,493000000
2023-10-21,Cybersecurity,96,4107,1262,480,210000000
2023-10-21,AR/VR,60,3241,791,77,307000000
2023-10-21,IoT,26,3059,686,466,384000000
2023-10-21,Biotech,79,4565,579,320,177000000
2023-10-21,Renewable Energy,86,962,933,363,458000000
2023-10-28,AI & Machine Learning,22,2770,413,322,106000000
2023-10-28,Quantum Computing,33,4937,813,388,436000000
2023-10-28,Blockchain,88,2501,1242,227,28000000
2023-10-28,5G Networks,64,1430,249,376,74000000
2023-10-28,Edge Computing,95,2217,1910,456,215000000
2023-10-28,Cybersecurity,56,4603,1052,30,316000000
2023-10-28,AR/VR,88,3207,895,262,318000000
2023-10-28,IoT,56,2602,322,87,120000000
2023-10-28,Biotech,84,4018,93,498,295000000
2023-10-28,Renewable Energy,30,1475,689,238,100000000
2023-11-04,AI & Machine Learning,83,2753,831,343,381000000
2023-11-04,Quantum Computing,51,4450,307,371,129000000
2023-11-04,Blockchain,42,2668,592,280,351000000
2023-11-04,5G Networks,55,2018,1683,255,126000000
2023-11-04,Edge Computing,89,3464,1252,204,11000000
2023-11-04,Cybersecurity,72,4356,618,295,158000000
2023-11-04,AR/VR,64,3034,671,50,11000000
2023-11-04,IoT,95,2954,915,204,482000000
2023-11-04,Biotech,80,768,1405,205,356000000
2023-11-04,Renewable Energy,26,4433,1050,378,114000000
2023-11-11,AI & Machine Learning,59,1937,1028,432,142000000
2023-11-11,Quantum Computing,54,4796,606,189,29000000
2023-11-11,Blockchain,70,1624,1283,310,40000000
2023-11-11,5G Networks,82,2338,781,427,435000000
2023-11-11,Edge Computing,71,4553,1313,276,158000000
2023-11-11,Cybersecurity,75,772,1702,288,360000000
2023-11-11,AR/VR,38,4673,258,288,10000000
2023-11-11,IoT,72,2150,1600,225,375000000
2023-11-11,Biotech,63,4783,1713,375,497000000
2023-11-11,Renewable Energy,89,1904,318,484,13000000
2023-11-18,AI & Machine Learning,56,4846,879,249,284000000
2023-11-18,Quantum Computing,69,2289,1868,453,490000000
2023-11-18,Blockchain,37,1141,1369,265,277000000
2023-11-18,5G Networks,60,4568,1955,238,340000000
2023-11-18,Edge Computing,53,347,1766,342,76000000
2023-11-18,Cybersecurity,20,2050,1972,391,57000000
2023-11-18,AR/VR,95,3285,998,464,490000000
2023-11-18,IoT,48,4297,113,155,459000000
2023-11-18,Biotech,52,3709,1240,54,165000000
2023-11-18,Renewable Energy,33,2418,1053,431,273000000
2023-11-25,AI & Machine Learning,28,4092,1899,187,402000000
2023-11-25,Quantum Computing,70,1295,1858,270,42000000
2023-11-25,Blockchain,62,3738,299,176,69000000
2023-11-25,5G Networks,28,4793,1899,314,156000000
2023-11-25,Edge Computing,44,4747,371,357,129000000
2023-11-25,Cybersecurity,21,2489,667,82,75000000
2023-11-25,AR/VR,23,1111,1880,475,225000000
2023-11-25,IoT,77,2146,943,233,310000000
2023-11-25,Biotech,93,4619,1667,241,130000000
2023-11-25,Renewable Energy,23,1364,390,232,364000000
2023-12-02,AI & Machine Learning,48,4129,1483,482,407000000
2023-12-02,Quantum Computing,56,3118,1451,483,361000000
2023-12-02,Blockchain,25,4967,1764,116,499000000
2023-12-02,5G Networks,57,3259,888,495,11000000
2023-12-02,Edge Computing,68,3774,1174,411,371000000
2023-12-02,Cybersecurity,56,4265,1584,329,362000000
2023-12-02,AR/VR,38,4442,1347,206,410000000
2023-12-02,IoT,86,4001,1096,379,343000000
2023-12-02,Biotech,59,1388,916,341,82000000
2023-12-02,Renewable Energy,66,1971,1338,45,424000000
2023-12-09,AI & Machine Learning,76,4438,1949,151,116000000
2023-12-09,Quantum Computing,39,4303,309,405,258000000
2023-12-09,Blockchain,31,2830,662,468,253000000
2023-12-09,5G Networks,78,3294,1685,285,203000000
2023-12-09,Edge Computing,88,2108,1331,436,215000000
2023-12-09,Cybersecurity,43,1054,149,302,31000000
2023-12-09,AR/VR,49,1008,975,63,104000000
2023-12-09,IoT,53,3418,444,166,370000000
2023-12-09,Biotech,32,2831,395,120,307000000
2023-12-09,Renewable Energy,43,1009,943,233,217000000
2023-12-16,AI & Machine Learning,20,3712,1994,420,232000000
2023-12-16,Quantum Computing,36,3130,1793,111,424000000
2023-12-16,Blockchain,53,2094,1929,331,169000000
2023-12-16,5G Networks,99,4961,279,251,8000000
2023-12-16,Edge Computing,78,510,821,99,294000000
2023-12-16,Cybersecurity,63,2604,651,299,226000000
2023-12-16,AR/VR,20,2559,1515,484,237000000
2023-12-16,IoT,31,2117,563,17,380000000
2023-12-16,Biotech,69,1752,1981,189,81000000
2023-12-16,Renewable Energy,25,3226,776,433,233000000
2023-12-23,AI & Machine Learning,56,3475,640,268,18000000
2023-12-23,Quantum Computing,45,3393,478,141,428000000
2023-12-23,Blockchain,25,3414,313,338,10000000
2023-12-23,5G Networks,58,411,954,164,23000000
2023-12-23,Edge Computing,47,1444,114,375,30000000
2023-12-23,Cybersecurity,39,540,800,29,270000000
2023-12-23,AR/VR,30,4096,1072,276,376000000
2023-12-23,IoT,43,256,588,34,212000000
2023-12-23,Biotech,47,1978,909,179,192000000
2023-12-23,Renewable Energy,80,2846,1863,488,5000000
2023-12-30,AI & Machine Learning,57,2411,1149,369,256000000
2023-12-30,Quantum Computing,69,2702,1319,242,225000000
2023-12-30,Blockchain,78,1296,1580,355,220000000
2023-12-30,5G Networks,65,2106,877,232,455000000
2023-12-30,Edge Computing,23,4049,1045,51,235000000
2023-12-30,Cybersecurity,24,3693,1168,22,242000000
2023-12-30,AR/VR,49,202,1067,213,53000000
2023-12-30,IoT,40,3641,89,195,497000000
2023-12-30,Biotech,27,4007,1299,414,46000000
2023-12-30,Renewable Energy,98,4208,1542,364,236000000
2024-01-06,AI & Machine Learning,42,4837,1070,286,234000000
2024-01-06,Quantum Computing,98,800,440,65,157000000
2024-01-06,Blockchain,42,3513,1491,154,355000000
2024-01-06,5G Networks,84,703,245,458,353000000
2024-01-06,Edge Computing,92,4614,1586,236,98000000
2024-01-06,Cybersecurity,32,167,967,387,337000000
2024-01-06,AR/VR,96,4922,1485,361,76000000
2024-01-06,IoT,39,1103,660,129,235000000
2024-01-06,Biotech,57,3949,1624,32,384000000
2024-01-06,Renewable Energy,32,3602,1762,287,266000000
2024-01-13,AI & Machine Learning,25,3982,1523,88,289000000
2024-01-13,Quantum Computing,20,2908,1636,312,206000000
2024-01-13,Blockchain,69,1005,1671,352,304000000
2024-01-13,5G Networks,77,4337,372,280,244000000
2024-01-13,Edge Computing,60,2895,401,491,327000000
2024-01-13,Cybersecurity,32,2344,850,302,488000000
2024-01-13,AR/VR,33,2397,1592,203,480000000
2024-01-13,IoT,58,1825,1286,10,76000000
2024-01-13,Biotech,32,974,1847,87,192000000
2024-01-13,Renewable Energy,69,2887,733,285,290000000
2024-01-20,AI & Machine Learning,70,2447,1860,40,46000000
2024-01-20,Quantum Computing,42,4273,1847,266,333000000
2024-01-20,Blockchain,99,1491,149,303,350000000
2024-01-20,5G Networks,65,722,1127,396,442000000
2024-01-20,Edge Computing,25,1976,1411,10,232000000
2024-01-20,Cybersecurity,73,3058,1460,310,38000000
2024-01-20,AR/VR,27,3289,62,245,50000000
2024-01-20,IoT,85,3595,726,435,116000000
2024-01-20,Biotech,27,4619,498,271,337000000
2024-01-20,Renewable Energy,62,4562,640,139,413000000
2024-01-27,AI & Machine Learning,71,4925,1829,32,331000000
2024-01-27,Quantum Computing,92,305,1992,491,392000000
2024-01-27,Blockchain,69,2246,1794,36,450000000
2024-01-27,5G Networks,20,1846,549,190,445000000
2024-01-27,Edge Computing,48,2619,239,77,219000000
2024-01-27,Cybersecurity,33,2906,1931,463,386000000
2024-01-27,AR/VR,61,838,1490,305,444000000
2024-01-27,IoT,41,584,1359,26,239000000
2024-01-27,Biotech,79,398,1553,181,164000000
2024-01-27,Renewable Energy,65,1121,928,202,286000000
2024-02-03,AI & Machine Learning,86,149,950,126,322000000
2024-02-03,Quantum Computing,70,3848,253,209,315000000
2024-02-03,Blockchain,97,2014,1137,194,344000000
2024-02-03,5G Networks,91,2392,779,28,497000000
2024-02-03,Edge Computing,71,1592,931,296,225000000
2024-02-03,Cybersecurity,57,1854,1522,109,19000000
2024-02-03,AR/VR,36,3463,871,42,254000000
2024-02-03,IoT,84,124,1695,377,300000000
2024-02-03,Biotech,95,4700,1301,54,83000000
2024-02-03,Renewable Energy,93,3722,1504,399,395000000
2024-02-10,AI & Machine Learning,21,4472,375,234,351000000
2024-02-10,Quantum Computing,23,1094,1163,162,116000000
2024-02-10,Blockchain,49,4951,213,480,314000000
2024-02-10,5G Networks,67,658,1019,465,393000000
2024-02-10,Edge Computing,88,1948,464,138,448000000
2024-02-10,Cybersecurity,84,3225,1940,62,404000000
2024-02-10,AR/VR,29,3232,573,178,71000000
2024-02-10,IoT,32,2992,1213,483,62000000
2024-02-10,Biotech,36,3873,1035,38,351000000
2024-02-10,Renewable Energy,66,4978,583,327,344000000
2024-02-17,AI & Machine Learning,48,4217,1862,210,152000000
2024-02-17,Quantum Computing,90,2164,1084,473,254000000
2024-02-17,Blockchain,76,2925,1970,39,322000000
2024-02-17,5G Networks,46,4891,1682,25,29000000
2024-02-17,Edge Computing,76,4915,137,32,362000000
2024-02-17,Cybersecurity,49,3781,299,71,386000000
2024-02-17,AR/VR,46,2798,1915,306,457000000
2024-02-17,IoT,57,3255,353,268,471000000
2024-02-17,Biotech,30,1531,971,265,119000000
2024-02-17,Renewable Energy,96,3447,506,215,404000000
2024-02-24,AI & Machine Learning,23,4618,1290,114,35000000
2024-02-24,Quantum Computing,53,4157,316,286,367000000
2024-02-24,Blockchain,41,4181,461,281,258000000
2024-02-24,5G Networks,55,3914,130,478,422000000
2024-02-24,Edge Computing,30,3900,1552,206,44000000
2024-02-24,Cybersecurity,65,4329,1308,27,71000000
2024-02-24,AR/VR,47,3167,499,392,156000000
2024-02-24,IoT,64,3515,890,259,491000000
2024-02-24,Biotech,40,3863,1102,475,32000000
2024-02-24,Renewable Energy,39,3494,840,45,66000000
2024-03-02,AI & Machine Learning,88,2105,1394,342,83000000
2024-03-02,Quantum Computing,55,4619,122,193,243000000
2024-03-02,Blockchain,50,3546,983,191,230000000
2024-03-02,5G Networks,71,2199,903,166,383000000
2024-03-02,Edge Computing,63,434,1646,349,271000000
2024-03-02,Cybersecurity,86,2839,1285,477,68000000
2024-03-02,AR/VR,47,567,581,476,440000000
2024-03-02,IoT,59,486,581,283,172000000
2024-03-02,Biotech,66,4627,1998,263,392000000
2024-03-02,Renewable Energy,99,670,1315,75,453000000
2024-03-09,AI & Machine Learning,54,3830,1858,209,133000000
2024-03-09,Quantum Computing,47,522,1217,476,314000000
2024-03-09,Blockchain,36,493,1290,442,407000000
2024-03-09,5G Networks,21,158,1533,118,164000000
2024-03-09,Edge Computing,25,4588,1889,331,475000000
2024-03-09,Cybersecurity,33,3186,343,80,305000000
2024-03-09,AR/VR,38,2627,880,386,174000000
2024-03-09,IoT,54,2262,559,110,123000000
2024-03-09,Biotech,37,760,788,11,256000000
2024-03-09,Renewable Energy,98,4896,771,107,185000000
2024-03-16,AI & Machine Learning,49,335,1087,167,472000000
2024-03-16,Quantum Computing,54,1870,1774,16,371000000
2024-03-16,Blockchain,21,4349,1382,291,295000000
2024-03-16,5G Networks,35,3289,1779,389,255000000
2024-03-16,Edge Computing,37,899,816,436,253000000
2024-03-16,Cybersecurity,60,3909,788,124,24000000
2024-03-16,AR/VR,53,1237,582,349,333000000
2024-03-16,IoT,47,3075,501,319,497000000
2024-03-16,Biotech,97,4680,1058,204,9000000
2024-03-16,Renewable Energy,65,3204,1240,47,398000000
2024-03-23,AI & Machine Learning,39,3541,567,323,8000000
2024-03-23,Quantum Computing,72,1711,1984,453,329000000
2024-03-23,Blockchain,68,1252,975,166,66000000
2024-03-23,5G Networks,26,1567,1099,203,280000000
2024-03-23,Edge Computing,24,1496,1378,80,271000000
2024-03-23,Cybersecurity,80,4349,279,76,133000000
2024-03-23,AR/VR,87,183,600,122,259000000
2024-03-23,IoT,36,1724,1631,361,61000000
2024-03-23,Biotech,45,2283,1783,112,187000000
2024-03-23,Renewable Energy,26,3920,1273,207,286000000
2024-03-30,AI & Machine Learning,86,981,884,487,485000000
2024-03-30,Quantum Computing,30,914,583,301,285000000
2024-03-30,Blockchain,65,807,1415,199,319000000
2024-03-30,5G Networks,77,3484,258,115,83000000
2024-03-30,Edge Computing,76,1763,1428,217,279000000
2024-03-30,Cybersecurity,61,2041,703,173,362000000
2024-03-30,AR/VR,97,2218,745,495,185000000
2024-03-30,IoT,57,4554,1823,467,175000000
2024-03-30,Biotech,41,3092,1556,109,413000000
2024-03-30,Renewable Energy,99,3518,1106,255,164000000
2024-04-06,AI & Machine Learning,78,4783,1855,63,434000000
2024-04-06,Quantum Computing,26,1106,1851,52,416000000
2024-04-06,Blockchain,20,4007,778,441,406000000
2024-04-06,5G Networks,76,4321,1646,369,301000000
2024-04-06,Edge Computing,87,2921,1899,357,98000000
2024-04-06,Cybersecurity,77,1240,799,140,105000000
2024-04-06,AR/VR,70,1982,384,394,147000000
2024-04-06,IoT,21,556,312,259,103000000
2024-04-06,Biotech,58,4677,1720,424,169000000
2024-04-06,Renewable Energy,64,3510,378,447,250000000
2024-04-13,AI & Machine Learning,49,2398,478,455,11000000
2024-04-13,Quantum Computing,65,648,1956,178,331000000
2024-04-13,Blockchain,72,1830,962,121,333000000
2024-04-13,5G Networks,65,2945,828,396,210000000
2024-04-13,Edge Computing,29,4689,565,464,62000000
2024-04-13,Cybersecurity,47,4215,857,12,219000000
2024-04-13,AR/VR,94,4890,273,231,414000000
2024-04-13,IoT,56,4374,1074,224,323000000
2024-04-13,Biotech,25,3205,734,201,394000000
2024-04-13,Renewable Energy,25,3996,1132,477,405000000
2024-04-20,AI & Machine Learning,36,169,116,499,71000000
2024-04-20,Quantum Computing,42,497,1172,356,220000000
2024-04-20,Blockchain,99,468,1366,416,134000000
2024-04-20,5G Networks,38,1847,931,490,385000000
2024-04-20,Edge Computing,26,804,1655,279,109000000
2024-04-20,Cybersecurity,25,3395,679,71,292000000
2024-04-20,AR/VR,83,494,1544,246,183000000
2024-04-20,IoT,22,721,759,483,160000000
2024-04-20,Biotech,64,516,480,274,470000000
2024-04-20,Renewable Energy,56,822,1396,235,231000000
2024-04-27,AI & Machine Learning,90,942,571,353,114000000
2024-04-27,Quantum Computing,49,3515,1932,205,475000000
2024-04-27,Blockchain,99,4979,640,381,195000000
2024-04-27,5G Networks,36,3757,270,346,315000000
2024-04-27,Edge Computing,70,2960,110,390,244000000
2024-04-27,Cybersecurity,34,2410,609,409,352000000
2024-04-27,AR/VR,55,2841,1876,341,272000000
2024-04-27,IoT,46,2314,1142,457,243000000
2024-04-27,Biotech,61,2478,1306,467,274000000
2024-04-27,Renewable Energy,96,1297,128,432,274000000
2024-05-04,AI & Machine Learning,76,3992,482,393,22000000
2024-05-04,Quantum Computing,86,915,1305,307,450000000
2024-05-04,Blockchain,37,2942,1539,313,90000000
2024-05-04,5G Networks,43,3448,949,456,16000000
2024-05-04,Edge Computing,48,331,947,129,167000000
2024-05-04,Cybersecurity,32,1888,61,499,126000000
2024-05-04,AR/VR,56,4257,1227,33,50000000
2024-05-04,IoT,88,4139,1891,108,405000000
2024-05-04,Biotech,20,2091,388,58,146000000
2024-05-04,Renewable Energy,55,728,1206,156,116000000
2024-05-11,AI & Machine Learning,21,1281,1191,371,454000000
2024-05-11,Quantum Computing,46,3238,1259,158,391000000
2024-05-11,Blockchain,46,1415,581,294,58000000
2024-05-11,5G Networks,63,2508,927,136,18000000
2024-05-11,Edge Computing,78,4450,1863,199,399000000
2024-05-11,Cybersecurity,35,2609,666,430,136000000
2024-05-11,AR/VR,73,608,576,75,255000000
2024-05-11,IoT,68,3393,1733,435,106000000
2024-05-11,Biotech,96,3227,1538,460,301000000
2024-05-11,Renewable Energy,98,3050,1865,406,52000000
2024-05-18,AI & Machine Learning,35,2560,1539,286,44000000
2024-05-18,Quantum Computing,47,3802,728,325,83000000
2024-05-18,Blockchain,99,4505,1330,159,441000000
2024-05-18,5G Networks,69,1230,496,278,163000000
2024-05-18,Edge Computing,44,871,1424,41,323000000
2024-05-18,Cybersecurity,98,3026,1857,482,431000000
2024-05-18,AR/VR,40,732,574,338,153000000
2024-05-18,IoT,23,1987,166,357,418000000
2024-05-18,Biotech,95,4316,797,126,411000000
2024-05-18,Renewable Energy,33,4133,421,19,411000000
2024-05-25,AI & Machine Learning,82,4618,1369,156,25000000
2024-05-25,Quantum Computing,67,4806,1971,387,459000000
2024-05-25,Blockchain,50,3658,1636,162,270000000
2024-05-25,5G Networks,57,1087,861,25,246000000
2024-05-25,Edge Computing,93,925,1316,404,386000000
2024-05-25,Cybersecurity,82,3615,482,233,196000000
2024-05-25,AR/VR,68,2610,1113,105,43000000
2024-05-25,IoT,98,300,1637,214,290000000
2024-05-25,Biotech,93,1538,1376,337,447000000
2024-05-25,Renewable Energy,50,2479,329,259,111000000
2024-06-01,AI & Machine Learning,97,2199,1316,247,477000000
2024-06-01,Quantum Computing,84,3257,798,408,477000000
2024-06-01,Blockchain,22,4071,159,222,272000000
2024-06-01,5G Networks,90,2151,1249,78,269000000
2024-06-01,Edge Computing,36,2463,504,219,41000000
2024-06-01,Cybersecurity,88,846,463,158,207000000
2024-06-01,AR/VR,78,2757,474,488,39000000
2024-06-01,IoT,54,294,399,68,63000000
2024-06-01,Biotech,78,3046,708,150,259000000
2024-06-01,Renewable Energy,55,2480,1214,399,253000000
2024-06-08,AI & Machine Learning,36,3611,1182,407,303000000
2024-06-08,Quantum Computing,94,941,1578,428,425000000
2024-06-08,Blockchain,72,1479,296,57,169000000
2024-06-08,5G Networks,38,500,1569,75,432000000
2024-06-08,Edge Computing,66,1553,287,211,309000000
2024-06-08,Cybersecurity,86,4216,696,482,190000000
2024-06-08,AR/VR,63,2872,293,304,301000000
2024-06-08,IoT,62,2324,1447,209,83000000
2024-06-08,Biotech,66,3119,749,15,254000000
2024-06-08,Renewable Energy,59,283,519,260,428000000
2024-06-15,AI & Machine Learning,54,4385,962,71,107000000
2024-06-15,Quantum Computing,53,899,562,476,432000000
2024-06-15,Blockchain,69,1781,837,371,81000000
2024-06-15,5G Networks,80,4579,946,306,288000000
2024-06-15,Edge Computing,78,1399,1261,30,487000000
2024-06-15,Cybersecurity,27,2798,684,31,226000000
2024-06-15,AR/VR,42,4426,1700,19,145000000
2024-06-15,IoT,99,3890,1185,407,86000000
2024-06-15,Biotech,27,4651,516,476,232000000
2024-06-15,Renewable Energy,27,3620,1942,288,75000000
2024-06-22,AI & Machine Learning,38,489,1300,294,140000000
2024-06-22,Quantum Computing,39,1531,182,51,463000000
2024-06-22,Blockchain,85,2698,1537,418,276000000
2024-06-22,5G Networks,72,4320,1411,157,125000000
2024-06-22,Edge Computing,43,4831,57,405,294000000
2024-06-22,Cybersecurity,58,1547,1960,129,203000000
2024-06-22,AR/VR,47,1769,1632,15,104000000
2024-06-22,IoT,66,4738,292,68,169000000
2024-06-22,Biotech,89,3748,945,393,110000000
2024-06-22,Renewable Energy,57,2777,660,111,161000000
2024-06-29,AI & Machine Learning,47,3109,518,74,25000000
2024-06-29,Quantum Computing,78,957,1626,386,304000000
2024-06-29,Blockchain,46,1339,846,488,275000000
2024-06-29,5G Networks,74,4627,1609,486,383000000
2024-06-29,Edge Computing,87,2075,1148,303,465000000
2024-06-29,Cybersecurity,73,568,1997,496,319000000
2024-06-29,AR/VR,48,3012,594,269,25000000
2024-06-29,IoT,27,4051,865,443,241000000
2024-06-29,Biotech,32,3121,696,133,214000000
2024-06-29,Renewable Energy,70,1706,1701,374,232000000
2024-07-06,AI & Machine Learning,33,4027,1825,478,359000000
2024-07-06,Quantum Computing,87,1578,1341,291,293000000
2024-07-06,Blockchain,30,1341,1104,350,155000000
2024-07-06,5G Networks,29,1468,1604,23,81000000
2024-07-06,Edge Computing,45,4170,202,317,199000000
2024-07-06,Cybersecurity,50,1859,460,445,354000000
2024-07-06,AR/VR,50,3177,1370,182,120000000
2024-07-06,IoT,62,1845,194,294,353000000
2024-07-06,Biotech,68,413,1721,362,454000000
2024-07-06,Renewable Energy,20,288,1737,131,145000000
2024-07-13,AI & Machine Learning,71,1200,1968,180,394000000
2024-07-13,Quantum Computing,65,3577,1044,136,392000000
2024-07-13,Blockchain,64,495,1180,152,30000000
2024-07-13,5G Networks,51,4743,1199,338,483000000
2024-07-13,Edge Computing,68,1408,1793,427,339000000
2024-07-13,Cybersecurity,64,1197,1949,316,4000000
2024-07-13,AR/VR,76,2688,617,356,121000000
2024-07-13,IoT,76,3894,1882,123,309000000
2024-07-13,Biotech,34,693,917,243,17000000
2024-07-13,Renewable Energy,30,1011,1678,151,428000000
2024-07-20,AI & Machine Learning,67,1071,1663,64,445000000
2024-07-20,Quantum Computing,44,127,131,449,181000000
2024-07-20,Blockchain,39,222,1605,176,291000000
2024-07-20,5G Networks,45,4836,166,233,292000000
2024-07-20,Edge Computing,62,4660,598,167,86000000
2024-07-20,Cybersecurity,39,3627,431,120,412000000
2024-07-20,AR/VR,63,1881,544,100,380000000
2024-07-20,IoT,43,1000,82,46,425000000
2024-07-20,Biotech,68,859,638,376,183000000
2024-07-20,Renewable Energy,32,1804,313,102,233000000
2024-07-27,AI & Machine Learning,82,4818,645,338,360000000
2024-07-27,Quantum Computing,29,4595,1047,70,472000000
2024-07-27,Blockchain,34,3601,1336,54,177000000
2024-07-27,5G Networks,42,1403,625,487,175000000
2024-07-27,Edge Computing,96,1253,294,464,405000000
2024-07-27,Cybersecurity,83,2142,903,260,171000000
2024-07-27,AR/VR,20,2536,783,163,383000000
2024-07-27,IoT,67,2811,1985,56,164000000
2024-07-27,Biotech,44,4977,1159,495,57000000
2024-07-27,Renewable Energy,90,4058,414,458,384000000
2024-08-03,AI & Machine Learning,62,724,980,452,181000000
2024-08-03,Quantum Computing,84,490,282,403,376000000
2024-08-03,Blockchain,96,3911,861,477,134000000
2024-08-03,5G Networks,46,1115,1007,319,71000000
2024-08-03,Edge Computing,73,537,511,106,268000000
2024-08-03,Cybersecurity,41,629,871,432,330000000
2024-08-03,AR/VR,35,2414,1827,413,66000000
2024-08-03,IoT,31,2575,957,73,353000000
2024-08-03,Biotech,41,1207,1692,262,65000000
2024-08-03,Renewable Energy,98,1663,197,196,202000000
2024-08-10,AI & Machine Learning,79,2169,117,453,244000000
2024-08-10,Quantum Computing,41,4018,1083,316,192000000
2024-08-10,Blockchain,67,1480,81,437,287000000
2024-08-10,5G Networks,20,1247,1702,164,495000000
2024-08-10,Edge Computing,27,2349,545,340,21000000
2024-08-10,Cybersecurity,67,3742,1850,150,309000000
2024-08-10,AR/VR,86,824,1687,61,151000000
2024-08-10,IoT,48,4736,506,32,146000000
2024-08-10,Biotech,33,1276,1661,19,364000000
2024-08-10,Renewable Energy,35,2729,104,82,427000000
2024-08-17,AI & Machine Learning,32,3130,1480,51,407000000
2024-08-17,Quantum Computing,59,3310,1630,475,387000000
2024-08-17,Blockchain,59,4870,1168,186,397000000
2024-08-17,5G Networks,46,4285,459,463,126000000
2024-08-17,Edge Computing,21,4309,94,26,324000000
2024-08-17,Cybersecurity,67,2667,98,215,152000000
2024-08-17,AR/VR,61,361,608,434,107000000
2024-08-17,IoT,71,1718,1251,105,62000000
2024-08-17,Biotech,64,1370,696,353,490000000
2024-08-17,Renewable Energy,94,1547,1475,205,406000000
2024-08-24,AI & Machine Learning,40,585,713,17,170000000
2024-08-24,Quantum Computing,65,4928,1041,220,188000000
2024-08-24,Blockchain,65,1469,270,389,429000000
2024-08-24,5G Networks,79,3666,1804,113,404000000
2024-08-24,Edge Computing,33,2370,167,90,247000000
2024-08-24,Cybersecurity,59,2237,1356,147,80000000
2024-08-24,AR/VR,74,4098,1055,201,368000000
2024-08-24,IoT,30,4174,1473,230,365000000
2024-08-24,Biotech,84,3798,619,23,172000000
2024-08-24,Renewable Energy,25,2002,727,97,494000000
2024-08-31,AI & Machine Learning,64,1518,247,154,19000000
2024-08-31,Quantum Computing,52,4968,1199,45,1000000
2024-08-31,Blockchain,42,2183,1215,476,340000000
2024-08-31,5G Networks,77,158,1085,228,311000000
2024-08-31,Edge Computing,93,800,1935,97,66000000
2024-08-31,Cybersecurity,44,158,1535,414,232000000
2024-08-31,AR/VR,52,2498,808,144,432000000
2024-08-31,IoT,73,1509,1686,385,446000000
2024-08-31,Biotech,96,4992,1779,322,23000000
2024-08-31,Renewable Energy,73,3957,792,412,303000000
2024-09-07,AI & Machine Learning,53,3252,1807,108,10000000
2024-09-07,Quantum Computing,59,3509,1341,443,20000000
2024-09-07,Blockchain,38,1027,1553,370,330000000
2024-09-07,5G Networks,97,3125,120,237,81000000
2024-09-07,Edge Computing,71,663,1443,489,199000000
2024-09-07,Cybersecurity,60,3365,808,111,334000000
2024-09-07,AR/VR,54,1614,191,170,498000000
2024-09-07,IoT,59,174,1659,401,391000000
2024-09-07,Biotech,97,3757,1587,456,4000000
2024-09-07,Renewable Energy,67,4486,515,16,178000000
2024-09-14,AI & Machine Learning,41,160,1333,414,119000000
2024-09-14,Quantum Computing,98,3791,1410,124,495000000
2024-09-14,Blockchain,34,4386,1258,189,76000000
2024-09-14,5G Networks,40,3377,1256,321,376000000
2024-09-14,Edge Computing,28,4872,1865,364,34000000
2024-09-14,Cybersecurity,55,2743,157,390,413000000
2024-09-14,AR/VR,25,746,366,258,303000000
2024-09-14,IoT,28,960,1942,292,473000000
2024-09-14,Biotech,99,2514,135,68,339000000
2024-09-14,Renewable Energy,67,688,1577,100,490000000
2024-09-21,AI & Machine Learning,64,2983,1947,158,55000000
2024-09-21,Quantum Computing,26,3847,1698,197,354000000
2024-09-21,Blockchain,26,2114,1352,188,71000000
2024-09-21,5G Networks,28,693,1853,358,406000000
2024-09-21,Edge Computing,62,4739,358,257,365000000
2024-09-21,Cybersecurity,85,2079,1498,267,411000000
2024-09-21,AR/VR,97,3441,605,398,313000000
2024-09-21,IoT,90,2752,676,274,107000000
2024-09-21,Biotech,61,1821,1519,394,247000000
2024-09-21,Renewable Energy,41,1957,1686,237,96000000
2024-09-28,AI & Machine Learning,57,4418,236,191,313000000
2024-09-28,Quantum Computing,57,4156,539,486,321000000
2024-09-28,Blockchain,47,2977,399,220,211000000
2024-09-28,5G Networks,94,2950,1347,28,159000000
2024-09-28,Edge Computing,68,1460,1006,79,243000000
2024-09-28,Cybersecurity,98,4436,1047,57,496000000
2024-09-28,AR/VR,79,2372,1128,187,203000000
2024-09-28,IoT,69,4688,1684,38,255000000
2024-09-28,Biotech,21,811,1900,170,165000000
2024-09-28,Renewable Energy,71,2183,778,367,88000000
2024-10-05,AI & Machine Learning,80,570,1065,163,161000000
2024-10-05,Quantum Computing,26,4495,1637,235,413000000
2024-10-05,Blockchain,48,376,347,67,348000000
2024-10-05,5G Networks,64,1459,1526,141,75000000
2024-10-05,Edge Computing,56,1369,1076,293,434000000
2024-10-05,Cybersecurity,70,4521,1328,360,59000000
2024-10-05,AR/VR,48,4335,1167,80,374000000
2024-10-05,IoT,46,270,1702,219,46000000
2024-10-05,Biotech,95,3439,360,85,126000000
2024-10-05,Renewable Energy,86,4920,1309,158,250000000
2024-10-12,AI & Machine Learning,35,2760,121,15,248000000
2024-10-12,Quantum Computing,82,4679,1091,465,256000000
2024-10-12,Blockchain,37,4466,1585,153,492000000
2024-10-12,5G Networks,91,1958,1846,414,37000000
2024-10-12,Edge Computing,81,3947,1775,393,308000000
2024-10-12,Cybersecurity,41,1265,1535,22,99000000
2024-10-12,AR/VR,31,3746,587,178,253000000
2024-10-12,IoT,40,640,1024,487,106000000
2024-10-12,Biotech,74,332,1782,236,43000000
2024-10-12,Renewable Energy,61,110,899,343,377000000
2024-10-19,AI & Machine Learning,96,1774,401,205,452000000
2024-10-19,Quantum Computing,95,2695,1889,392,242000000
2024-10-19,Blockchain,38,4827,1857,282,73000000
2024-10-19,5G Networks,92,1516,203,400,299000000
2024-10-19,Edge Computing,36,4161,750,12,112000000
2024-10-19,Cybersecurity,89,2489,1486,344,318000000
2024-10-19,AR/VR,41,699,1159,119,116000000
2024-10-19,IoT,50,247,1285,294,228000000
2024-10-19,Biotech,58,1550,983,236,304000000
2024-10-19,Renewable Energy,76,663,1849,96,77000000
2024-10-26,AI & Machine Learning,67,4305,1792,163,394000000
2024-10-26,Quantum Computing,81,3680,1067,181,238000000
2024-10-26,Blockchain,34,3883,175,135,491000000
2024-10-26,5G Networks,84,199,1820,351,97000000
2024-10-26,Edge Computing,22,1845,1299,346,99000000
2024-10-26,Cybersecurity,92,4415,281,382,430000000
2024-10-26,AR/VR,53,4263,617,361,273000000
2024-10-26,IoT,47,4648,752,470,438000000
2024-10-26,Biotech,21,1768,1264,203,354000000
2024-10-26,Renewable Energy,84,4980,1206,278,108000000
2024-11-02,AI & Machine Learning,20,3111,1852,228,62000000
2024-11-02,Quantum Computing,69,2199,579,40,60000000
2024-11-02,Blockchain,75,1725,361,141,188000000
2024-11-02,5G Networks,32,2688,504,39,138000000
2024-11-02,Edge Computing,23,4012,1678,343,376000000
2024-11-02,Cybersecurity,66,493,656,151,425000000
2024-11-02,AR/VR,65,3152,1548,259,387000000
2024-11-02,IoT,63,3302,1281,396,240000000
2024-11-02,Biotech,57,1082,1828,356,202000000
2024-11-02,Renewable Energy,57,1356,698,401,407000000
2024-11-09,AI & Machine Learning,73,4810,218,336,109000000
2024-11-09,Quantum Computing,64,4534,1530,205,236000000
2024-11-09,Blockchain,40,3910,1787,83,287000000
2024-11-09,5G Networks,25,4445,233,263,183000000
2024-11-09,Edge Computing,92,3477,128,344,239000000
2024-11-09,Cybersecurity,40,864,1349,161,280000000
2024-11-09,AR/VR,34,4741,900,327,252000000
2024-11-09,IoT,59,3700,1068,337,439000000
2024-11-09,Biotech,79,205,1465,77,309000000
2024-11-09,Renewable Energy,28,2890,534,341,4000000
2024-11-16,AI & Machine Learning,57,3989,295,315,423000000
2024-11-16,Quantum Computing,42,2887,1324,298,31000000
2024-11-16,Blockchain,68,3734,884,89,208000000
2024-11-16,5G Networks,24,4778,1424,239,448000000
2024-11-16,Edge Computing,28,342,1706,461,115000000
2024-11-16,Cybersecurity,67,2587,676,486,339000000
2024-11-16,AR/VR,54,2399,917,247,454000000
2024-11-16,IoT,71,3413,695,166,75000000
2024-11-16,Biotech,31,2163,1909,415,354000000
2024-11-16,Renewable Energy,73,345,1217,408,123000000
2024-11-23,AI & Machine Learning,24,483,454,177,345000000
2024-11-23,Quantum Computing,30,1781,1469,133,466000000
2024-11-23,Blockchain,93,1933,977,183,470000000
2024-11-23,5G Networks,90,974,118,365,447000000
2024-11-23,Edge Computing,46,2647,984,49,137000000
2024-11-23,Cybersecurity,83,3371,1927,215,77000000
2024-11-23,AR/VR,97,264,778,79,437000000
2024-11-23,IoT,57,1743,304,310,25000000
2024-11-23,Biotech,60,3855,1481,269,458000000
2024-11-23,Renewable Energy,28,666,1159,83,326000000
2024-11-30,AI & Machine Learning,41,197,81,133,343000000
2024-11-30,Quantum Computing,89,516,1754,205,104000000
2024-11-30,Blockchain,99,3920,1774,455,264000000
2024-11-30,5G Networks,73,4738,1497,472,240000000
2024-11-30,Edge Computing,72,4933,1949,304,190000000
2024-11-30,Cybersecurity,67,408,1125,302,131000000
2024-11-30,AR/VR,49,2756,1890,113,43000000
2024-11-30,IoT,63,2336,841,328,281000000
2024-11-30,Biotech,88,649,343,304,223000000
2024-11-30,Renewable Energy,48,3156,642,422,91000000
2024-12-07,AI & Machine Learning,35,1432,888,186,468000000
2024-12-07,Quantum Computing,77,547,1018,445,171000000
2024-12-07,Blockchain,63,4405,361,215,430000000
2024-12-07,5G Networks,81,1669,1905,245,131000000
2024-12-07,Edge Computing,73,3197,1278,424,48000000
2024-12-07,Cybersecurity,93,4729,870,201,495000000
2024-12-07,AR/VR,80,2770,1735,84,188000000
2024-12-07,IoT,50,4169,1100,448,407000000
2024-12-07,Biotech,96,3325,546,154,327000000
2024-12-07,Renewable Energy,37,735,1025,114,336000000
2024-12-14,AI & Machine Learning,25,4691,1881,339,38000000
2024-12-14,Quantum Computing,92,4902,1072,378,397000000
2024-12-14,Blockchain,33,3096,1658,245,45000000
2024-12-14,5G Networks,50,1621,1314,98,253000000
2024-12-14,Edge Computing,76,2467,363,118,129000000
2024-12-14,Cybersecurity,99,3620,1327,203,249000000
2024-12-14,AR/VR,72,2686,1254,188,446000000
2024-12-14,IoT,48,3012,645,479,340000000
2024-12-14,Biotech,82,4993,200,361,337000000
2024-12-14,Renewable Energy,38,2387,1612,249,225000000
2024-12-21,AI & Machine Learning,42,4399,689,210,154000000
2024-12-21,Quantum Computing,90,3393,1420,172,284000000
2024-12-21,Blockchain,35,3127,331,27,326000000
2024-12-21,5G Networks,57,3307,252,133,222000000
2024-12-21,Edge Computing,56,3945,281,474,70000000
2024-12-21,Cybersecurity,79,1428,449,402,353000000
2024-12-21,AR/VR,54,3214,1870,423,487000000
2024-12-21,IoT,33,795,1803,455,221000000
2024-12-21,Biotech,94,3773,951,309,216000000
2024-12-21,Renewable Energy,32,2002,1210,34,465000000
